IndicatorCode;Indicator;ValueType;ParentLocationCode;ParentLocation;Location type;SpatialDimValueCode;Location;Period type;Period;IsLatestYear;Dim1 type;Dim1;Dim1ValueCode;Dim2 type;Dim2;Dim2ValueCode;Dim3 type;Dim3;Dim3ValueCode;DataSourceDimValueCode;DataSource;FactValueNumericPrefix;FactValueNumeric;FactValueUoM;FactValueNumericLowPrefix;FactValueNumericLow;FactValueNumericHighPrefix;FactValueNumericHigh;Value;FactValueTranslationID;FactComments;Language;DateModified
SRH_ABORTION_RATE;Abortion rate (model-estimated);numeric;EUR;Europe;Country;POL;Poland;Year;2015-2019;VERDADERO;Uncertainty interval;95% uncertainty;UNCERTAINTY_INTERVAL_UI95;;;;;;;;;;1046;;;4;;28;10 [4-28];;;EN;26-04-2023 0:00
SRH_ABORTION_RATE;Abortion rate (model-estimated);numeric;EUR;Europe;Country;POL;Poland;Year;2015-2019;VERDADERO;Uncertainty interval;80% uncertainty;UNCERTAINTY_INTERVAL_UI80;;;;;;;;;;1046;;;6;;20;10 [6-20];;;EN;26-04-2023 0:00
SRH_ABORTION_RATE;Abortion rate (model-estimated);numeric;EUR;Europe;Country;BGR;Bulgaria;Year;2015-2019;VERDADERO;Uncertainty interval;80% uncertainty;UNCERTAINTY_INTERVAL_UI80;;;;;;;;;;1023;;;9;;11;10 [9-11];;;EN;26-04-2023 0:00
SRH_ABORTION_RATE;Abortion rate (model-estimated);numeric;EUR;Europe;Country;LVA;Latvia;Year;2015-2019;VERDADERO;Uncertainty interval;80% uncertainty;UNCERTAINTY_INTERVAL_UI80;;;;;;;;;;1027;;;9;;11;10 [9-11];;;EN;26-04-2023 0:00
SRH_ABORTION_RATE;Abortion rate (model-estimated);numeric;EUR;Europe;Country;BLR;Belarus;Year;2015-2019;VERDADERO;Uncertainty interval;80% uncertainty;UNCERTAINTY_INTERVAL_UI80;;;;;;;;;;105;;;9;;12;10 [9-12];;;EN;26-04-2023 0:00
SRH_ABORTION_RATE;Abortion rate (model-estimated);numeric;EUR;Europe;Country;BLR;Belarus;Year;2015-2019;VERDADERO;Uncertainty interval;95% uncertainty;UNCERTAINTY_INTERVAL_UI95;;;;;;;;;;105;;;9;;12;10 [9-12];;;EN;26-04-2023 0:00
SRH_ABORTION_RATE;Abortion rate (model-estimated);numeric;EUR;Europe;Country;BGR;Bulgaria;Year;2015-2019;VERDADERO;Uncertainty interval;95% uncertainty;UNCERTAINTY_INTERVAL_UI95;;;;;;;;;;1023;;;9;;12;10 [9-12];;;EN;26-04-2023 0:00
SRH_ABORTION_RATE;Abortion rate (model-estimated);numeric;EUR;Europe;Country;LVA;Latvia;Year;2015-2019;VERDADERO;Uncertainty interval;95% uncertainty;UNCERTAINTY_INTERVAL_UI95;;;;;;;;;;1027;;;9;;12;10 [9-12];;;EN;26-04-2023 0:00
SRH_ABORTION_RATE;Abortion rate (model-estimated);numeric;EUR;Europe;Country;NOR;Norway;Year;2015-2019;VERDADERO;Uncertainty interval;95% uncertainty;UNCERTAINTY_INTERVAL_UI95;;;;;;;;;;1083;;;10;;11;11 [10-11];;;EN;26-04-2023 0:00
SRH_ABORTION_RATE;Abortion rate (model-estimated);numeric;AMR;Americas;Country;URY;Uruguay;Year;2015-2019;VERDADERO;Uncertainty interval;95% uncertainty;UNCERTAINTY_INTERVAL_UI95;;;;;;;;;;1144;;;10;;13;11 [10-13];;;EN;26-04-2023 0:00
SRH_ABORTION_RATE;Abortion rate (model-estimated);numeric;EUR;Europe;Country;NOR;Norway;Year;2015-2019;VERDADERO;Uncertainty interval;80% uncertainty;UNCERTAINTY_INTERVAL_UI80;;;;;;;;;;1083;;;11;;11;11 [11-11];;;EN;26-04-2023 0:00
SRH_ABORTION_RATE;Abortion rate (model-estimated);numeric;AMR;Americas;Country;URY;Uruguay;Year;2015-2019;VERDADERO;Uncertainty interval;80% uncertainty;UNCERTAINTY_INTERVAL_UI80;;;;;;;;;;1144;;;11;;12;11 [11-12];;;EN;26-04-2023 0:00
SRH_ABORTION_RATE;Abortion rate (model-estimated);numeric;EUR;Europe;Country;BIH;Bosnia and Herzegovina;Year;2015-2019;VERDADERO;Uncertainty interval;95% uncertainty;UNCERTAINTY_INTERVAL_UI95;;;;;;;;;;1101;;;5;;24;11 [5-24];;;EN;26-04-2023 0:00
SRH_ABORTION_RATE;Abortion rate (model-estimated);numeric;EUR;Europe;Country;BIH;Bosnia and Herzegovina;Year;2015-2019;VERDADERO;Uncertainty interval;80% uncertainty;UNCERTAINTY_INTERVAL_UI80;;;;;;;;;;1101;;;7;;18;11 [7-18];;;EN;26-04-2023 0:00
SRH_ABORTION_RATE;Abortion rate (model-estimated);numeric;AMR;Americas;Country;CAN;Canada;Year;2015-2019;VERDADERO;Uncertainty interval;80% uncertainty;UNCERTAINTY_INTERVAL_UI80;;;;;;;;;;1157;;;11;;12;12 [11-12];;;EN;26-04-2023 0:00
SRH_ABORTION_RATE;Abortion rate (model-estimated);numeric;AMR;Americas;Country;CAN;Canada;Year;2015-2019;VERDADERO;Uncertainty interval;95% uncertainty;UNCERTAINTY_INTERVAL_UI95;;;;;;;;;;1157;;;11;;12;12 [11-12];;;EN;26-04-2023 0:00
SRH_ABORTION_RATE;Abortion rate (model-estimated);numeric;EUR;Europe;Country;DNK;Denmark;Year;2015-2019;VERDADERO;Uncertainty interval;80% uncertainty;UNCERTAINTY_INTERVAL_UI80;;;;;;;;;;116;;;11;;12;12 [11-12];;;EN;26-04-2023 0:00
SRH_ABORTION_RATE;Abortion rate (model-estimated);numeric;EUR;Europe;Country;DNK;Denmark;Year;2015-2019;VERDADERO;Uncertainty interval;95% uncertainty;UNCERTAINTY_INTERVAL_UI95;;;;;;;;;;116;;;11;;12;12 [11-12];;;EN;26-04-2023 0:00
SRH_ABORTION_RATE;Abortion rate (model-estimated);numeric;WPR;Western Pacific;Country;NZL;New Zealand;Year;2015-2019;VERDADERO;Uncertainty interval;95% uncertainty;UNCERTAINTY_INTERVAL_UI95;;;;;;;;;;1198;;;11;;13;12 [11-13];;;EN;26-04-2023 0:00
SRH_ABORTION_RATE;Abortion rate (model-estimated);numeric;AMR;Americas;Country;USA;United States of America;Year;2015-2019;VERDADERO;Uncertainty interval;95% uncertainty;UNCERTAINTY_INTERVAL_UI95;;;;;;;;;;1188;;;11;;13;12 [11-13];;;EN;26-04-2023 0:00
SRH_ABORTION_RATE;Abortion rate (model-estimated);numeric;WPR;Western Pacific;Country;NZL;New Zealand;Year;2015-2019;VERDADERO;Uncertainty interval;80% uncertainty;UNCERTAINTY_INTERVAL_UI80;;;;;;;;;;1198;;;12;;12;12 [12-12];;;EN;26-04-2023 0:00
SRH_ABORTION_RATE;Abortion rate (model-estimated);numeric;AMR;Americas;Country;USA;United States of America;Year;2015-2019;VERDADERO;Uncertainty interval;80% uncertainty;UNCERTAINTY_INTERVAL_UI80;;;;;;;;;;1188;;;12;;12;12 [12-12];;;EN;26-04-2023 0:00
SRH_ABORTION_RATE;Abortion rate (model-estimated);numeric;EUR;Europe;Country;SRB;Serbia;Year;2015-2019;VERDADERO;Uncertainty interval;80% uncertainty;UNCERTAINTY_INTERVAL_UI80;;;;;;;;;;127;;;10;;18;13 [10-18];;;EN;26-04-2023 0:00
SRH_ABORTION_RATE;Abortion rate (model-estimated);numeric;EUR;Europe;Country;ISL;Iceland;Year;2015-2019;VERDADERO;Uncertainty interval;80% uncertainty;UNCERTAINTY_INTERVAL_UI80;;;;;;;;;;1274;;;12;;13;13 [12-13];;;EN;26-04-2023 0:00
SRH_ABORTION_RATE;Abortion rate (model-estimated);numeric;EUR;Europe;Country;ISL;Iceland;Year;2015-2019;VERDADERO;Uncertainty interval;95% uncertainty;UNCERTAINTY_INTERVAL_UI95;;;;;;;;;;1274;;;12;;13;13 [12-13];;;EN;26-04-2023 0:00
SRH_ABORTION_RATE;Abortion rate (model-estimated);numeric;EUR;Europe;Country;GBR;United Kingdom of Great Britain and Northern Ireland;Year;2015-2019;VERDADERO;Uncertainty interval;80% uncertainty;UNCERTAINTY_INTERVAL_UI80;;;;;;;;;;131;;;13;;14;13 [13-14];;;EN;26-04-2023 0:00
SRH_ABORTION_RATE;Abortion rate (model-estimated);numeric;EUR;Europe;Country;GBR;United Kingdom of Great Britain and Northern Ireland;Year;2015-2019;VERDADERO;Uncertainty interval;95% uncertainty;UNCERTAINTY_INTERVAL_UI95;;;;;;;;;;131;;;13;;14;13 [13-14];;;EN;26-04-2023 0:00
SRH_ABORTION_RATE;Abortion rate (model-estimated);numeric;EUR;Europe;Country;SRB;Serbia;Year;2015-2019;VERDADERO;Uncertainty interval;95% uncertainty;UNCERTAINTY_INTERVAL_UI95;;;;;;;;;;127;;;8;;21;13 [8-21];;;EN;26-04-2023 0:00
SRH_ABORTION_RATE;Abortion rate (model-estimated);numeric;EUR;Europe;Country;MKD;North Macedonia;Year;2015-2019;VERDADERO;Uncertainty interval;95% uncertainty;UNCERTAINTY_INTERVAL_UI95;;;;;;;;;;1428;;;10;;25;14 [10-25];;;EN;26-04-2023 0:00
SRH_ABORTION_RATE;Abortion rate (model-estimated);numeric;EUR;Europe;Country;MKD;North Macedonia;Year;2015-2019;VERDADERO;Uncertainty interval;80% uncertainty;UNCERTAINTY_INTERVAL_UI80;;;;;;;;;;1428;;;11;;20;14 [11-20];;;EN;26-04-2023 0:00
SRH_ABORTION_RATE;Abortion rate (model-estimated);numeric;EUR;Europe;Country;HUN;Hungary;Year;2015-2019;VERDADERO;Uncertainty interval;95% uncertainty;UNCERTAINTY_INTERVAL_UI95;;;;;;;;;;1356;;;12;;15;14 [12-15];;;EN;26-04-2023 0:00
SRH_ABORTION_RATE;Abortion rate (model-estimated);numeric;EUR;Europe;Country;HUN;Hungary;Year;2015-2019;VERDADERO;Uncertainty interval;80% uncertainty;UNCERTAINTY_INTERVAL_UI80;;;;;;;;;;1356;;;13;;15;14 [13-15];;;EN;26-04-2023 0:00
SRH_ABORTION_RATE;Abortion rate (model-estimated);numeric;EUR;Europe;Country;FRA;France;Year;2015-2019;VERDADERO;Uncertainty interval;80% uncertainty;UNCERTAINTY_INTERVAL_UI80;;;;;;;;;;1435;;;14;;15;14 [14-15];;;EN;26-04-2023 0:00
SRH_ABORTION_RATE;Abortion rate (model-estimated);numeric;EUR;Europe;Country;FRA;France;Year;2015-2019;VERDADERO;Uncertainty interval;95% uncertainty;UNCERTAINTY_INTERVAL_UI95;;;;;;;;;;1435;;;14;;15;14 [14-15];;;EN;26-04-2023 0:00
SRH_ABORTION_RATE;Abortion rate (model-estimated);numeric;AFR;Africa;Country;SEN;Senegal;Year;2015-2019;VERDADERO;Uncertainty interval;95% uncertainty;UNCERTAINTY_INTERVAL_UI95;;;;;;;;;;1527;;;10;;23;15 [10-23];;;EN;26-04-2023 0:00
SRH_ABORTION_RATE;Abortion rate (model-estimated);numeric;AFR;Africa;Country;SEN;Senegal;Year;2015-2019;VERDADERO;Uncertainty interval;80% uncertainty;UNCERTAINTY_INTERVAL_UI80;;;;;;;;;;1527;;;11;;20;15 [11-20];;;EN;26-04-2023 0:00
SRH_ABORTION_RATE;Abortion rate (model-estimated);numeric;AMR;Americas;Country;NIC;Nicaragua;Year;2015-2019;VERDADERO;Uncertainty interval;95% uncertainty;UNCERTAINTY_INTERVAL_UI95;;;;;;;;;;1532;;;4;;36;15 [4-36];;;EN;26-04-2023 0:00
SRH_ABORTION_RATE;Abortion rate (model-estimated);numeric;AFR;Africa;Country;NER;Niger;Year;2015-2019;VERDADERO;Uncertainty interval;95% uncertainty;UNCERTAINTY_INTERVAL_UI95;;;;;;;;;;1522;;;5;;33;15 [5-33];;;EN;26-04-2023 0:00
SRH_ABORTION_RATE;Abortion rate (model-estimated);numeric;AMR;Americas;Country;NIC;Nicaragua;Year;2015-2019;VERDADERO;Uncertainty interval;80% uncertainty;UNCERTAINTY_INTERVAL_UI80;;;;;;;;;;1532;;;7;;27;15 [7-27];;;EN;26-04-2023 0:00
SRH_ABORTION_RATE;Abortion rate (model-estimated);numeric;EUR;Europe;Country;GRC;Greece;Year;2015-2019;VERDADERO;Uncertainty interval;95% uncertainty;UNCERTAINTY_INTERVAL_UI95;;;;;;;;;;1499;;;7;;41;15 [7-41];;;EN;26-04-2023 0:00
SRH_ABORTION_RATE;Abortion rate (model-estimated);numeric;AFR;Africa;Country;NER;Niger;Year;2015-2019;VERDADERO;Uncertainty interval;80% uncertainty;UNCERTAINTY_INTERVAL_UI80;;;;;;;;;;1522;;;8;;26;15 [8-26];;;EN;26-04-2023 0:00
SRH_ABORTION_RATE;Abortion rate (model-estimated);numeric;EUR;Europe;Country;GRC;Greece;Year;2015-2019;VERDADERO;Uncertainty interval;80% uncertainty;UNCERTAINTY_INTERVAL_UI80;;;;;;;;;;1499;;;8;;31;15 [8-31];;;EN;26-04-2023 0:00
SRH_ABORTION_RATE;Abortion rate (model-estimated);numeric;WPR;Western Pacific;Country;AUS;Australia;Year;2015-2019;VERDADERO;Uncertainty interval;95% uncertainty;UNCERTAINTY_INTERVAL_UI95;;;;;;;;;;1612;;;10;;23;16 [10-23];;;EN;26-04-2023 0:00
SRH_ABORTION_RATE;Abortion rate (model-estimated);numeric;EUR;Europe;Country;HRV;Croatia;Year;2015-2019;VERDADERO;Uncertainty interval;80% uncertainty;UNCERTAINTY_INTERVAL_UI80;;;;;;;;;;1647;;;11;;27;16 [11-27];;;EN;26-04-2023 0:00
SRH_ABORTION_RATE;Abortion rate (model-estimated);numeric;WPR;Western Pacific;Country;AUS;Australia;Year;2015-2019;VERDADERO;Uncertainty interval;80% uncertainty;UNCERTAINTY_INTERVAL_UI80;;;;;;;;;;1612;;;12;;21;16 [12-21];;;EN;26-04-2023 0:00
SRH_ABORTION_RATE;Abortion rate (model-estimated);numeric;EUR;Europe;Country;EST;Estonia;Year;2015-2019;VERDADERO;Uncertainty interval;95% uncertainty;UNCERTAINTY_INTERVAL_UI95;;;;;;;;;;1586;;;14;;18;16 [14-18];;;EN;26-04-2023 0:00
SRH_ABORTION_RATE;Abortion rate (model-estimated);numeric;EUR;Europe;Country;EST;Estonia;Year;2015-2019;VERDADERO;Uncertainty interval;80% uncertainty;UNCERTAINTY_INTERVAL_UI80;;;;;;;;;;1586;;;15;;17;16 [15-17];;;EN;26-04-2023 0:00
SRH_ABORTION_RATE;Abortion rate (model-estimated);numeric;AFR;Africa;Country;GMB;Gambia;Year;2015-2019;VERDADERO;Uncertainty interval;95% uncertainty;UNCERTAINTY_INTERVAL_UI95;;;;;;;;;;1641;;;4;;37;16 [4-37];;;EN;26-04-2023 0:00
SRH_ABORTION_RATE;Abortion rate (model-estimated);numeric;AFR;Africa;Country;GMB;Gambia;Year;2015-2019;VERDADERO;Uncertainty interval;80% uncertainty;UNCERTAINTY_INTERVAL_UI80;;;;;;;;;;1641;;;8;;28;16 [8-28];;;EN;26-04-2023 0:00
SRH_ABORTION_RATE;Abortion rate (model-estimated);numeric;EUR;Europe;Country;HRV;Croatia;Year;2015-2019;VERDADERO;Uncertainty interval;95% uncertainty;UNCERTAINTY_INTERVAL_UI95;;;;;;;;;;1647;;;8;;35;16 [8-35];;;EN;26-04-2023 0:00
SRH_ABORTION_RATE;Abortion rate (model-estimated);numeric;EUR;Europe;Country;SWE;Sweden;Year;2015-2019;VERDADERO;Uncertainty interval;80% uncertainty;UNCERTAINTY_INTERVAL_UI80;;;;;;;;;;1732;;;17;;18;17 [17-18];;;EN;26-04-2023 0:00
SRH_ABORTION_RATE;Abortion rate (model-estimated);numeric;EUR;Europe;Country;SWE;Sweden;Year;2015-2019;VERDADERO;Uncertainty interval;95% uncertainty;UNCERTAINTY_INTERVAL_UI95;;;;;;;;;;1732;;;17;;18;17 [17-18];;;EN;26-04-2023 0:00
SRH_ABORTION_RATE;Abortion rate (model-estimated);numeric;AFR;Africa;Country;MRT;Mauritania;Year;2015-2019;VERDADERO;Uncertainty interval;95% uncertainty;UNCERTAINTY_INTERVAL_UI95;;;;;;;;;;17;;;3;;41;17 [3-41];;;EN;26-04-2023 0:00
SRH_ABORTION_RATE;Abortion rate (model-estimated);numeric;AFR;Africa;Country;TCD;Chad;Year;2015-2019;VERDADERO;Uncertainty interval;95% uncertainty;UNCERTAINTY_INTERVAL_UI95;;;;;;;;;;1739;;;4;;40;17 [4-40];;;EN;26-04-2023 0:00
SRH_ABORTION_RATE;Abortion rate (model-estimated);numeric;AFR;Africa;Country;MRT;Mauritania;Year;2015-2019;VERDADERO;Uncertainty interval;80% uncertainty;UNCERTAINTY_INTERVAL_UI80;;;;;;;;;;17;;;7;;31;17 [7-31];;;EN;26-04-2023 0:00
SRH_ABORTION_RATE;Abortion rate (model-estimated);numeric;AFR;Africa;Country;TCD;Chad;Year;2015-2019;VERDADERO;Uncertainty interval;80% uncertainty;UNCERTAINTY_INTERVAL_UI80;;;;;;;;;;1739;;;8;;31;17 [8-31];;;EN;26-04-2023 0:00
SRH_ABORTION_RATE;Abortion rate (model-estimated);numeric;EUR;Europe;Country;MDA;Republic of Moldova;Year;2015-2019;VERDADERO;Uncertainty interval;95% uncertainty;UNCERTAINTY_INTERVAL_UI95;;;;;;;;;;1823;;;11;;35;18 [11-35];;;EN;26-04-2023 0:00
SRH_ABORTION_RATE;Abortion rate (model-estimated);numeric;EUR;Europe;Country;MDA;Republic of Moldova;Year;2015-2019;VERDADERO;Uncertainty interval;80% uncertainty;UNCERTAINTY_INTERVAL_UI80;;;;;;;;;;1823;;;13;;28;18 [13-28];;;EN;26-04-2023 0:00
SRH_ABORTION_RATE;Abortion rate (model-estimated);numeric;AFR;Africa;Country;ZWE;Zimbabwe;Year;2015-2019;VERDADERO;Uncertainty interval;95% uncertainty;UNCERTAINTY_INTERVAL_UI95;;;;;;;;;;1824;;;14;;24;18 [14-24];;;EN;26-04-2023 0:00
SRH_ABORTION_RATE;Abortion rate (model-estimated);numeric;AFR;Africa;Country;ZWE;Zimbabwe;Year;2015-2019;VERDADERO;Uncertainty interval;80% uncertainty;UNCERTAINTY_INTERVAL_UI80;;;;;;;;;;1824;;;16;;22;18 [16-22];;;EN;26-04-2023 0:00
SRH_ABORTION_RATE;Abortion rate (model-estimated);numeric;EUR;Europe;Country;TKM;Turkmenistan;Year;2015-2019;VERDADERO;Uncertainty interval;95% uncertainty;UNCERTAINTY_INTERVAL_UI95;;;;;;;;;;1887;;;10;;34;19 [10-34];;;EN;26-04-2023 0:00
SRH_ABORTION_RATE;Abortion rate (model-estimated);numeric;AMR;Americas;Country;GTM;Guatemala;Year;2015-2019;VERDADERO;Uncertainty interval;95% uncertainty;UNCERTAINTY_INTERVAL_UI95;;;;;;;;;;1886;;;10;;35;19 [10-35];;;EN;26-04-2023 0:00
SRH_ABORTION_RATE;Abortion rate (model-estimated);numeric;EUR;Europe;Country;ITA;Italy;Year;2015-2019;VERDADERO;Uncertainty interval;95% uncertainty;UNCERTAINTY_INTERVAL_UI95;;;;;;;;;;1891;;;10;;35;19 [10-35];;;EN;26-04-2023 0:00
SRH_ABORTION_RATE;Abortion rate (model-estimated);numeric;EUR;Europe;Country;ITA;Italy;Year;2015-2019;VERDADERO;Uncertainty interval;80% uncertainty;UNCERTAINTY_INTERVAL_UI80;;;;;;;;;;1891;;;12;;28;19 [12-28];;;EN;26-04-2023 0:00
SRH_ABORTION_RATE;Abortion rate (model-estimated);numeric;AMR;Americas;Country;GTM;Guatemala;Year;2015-2019;VERDADERO;Uncertainty interval;80% uncertainty;UNCERTAINTY_INTERVAL_UI80;;;;;;;;;;1886;;;12;;29;19 [12-29];;;EN;26-04-2023 0:00
SRH_ABORTION_RATE;Abortion rate (model-estimated);numeric;EUR;Europe;Country;TKM;Turkmenistan;Year;2015-2019;VERDADERO;Uncertainty interval;80% uncertainty;UNCERTAINTY_INTERVAL_UI80;;;;;;;;;;1887;;;13;;28;19 [13-28];;;EN;26-04-2023 0:00
SRH_ABORTION_RATE;Abortion rate (model-estimated);numeric;EMR;Eastern Mediterranean;Country;DJI;Djibouti;Year;2015-2019;VERDADERO;Uncertainty interval;80% uncertainty;UNCERTAINTY_INTERVAL_UI80;;;;;;;;;;2056;;;10;;37;21 [10-37];;;EN;26-04-2023 0:00
SRH_ABORTION_RATE;Abortion rate (model-estimated);numeric;AFR;Africa;Country;ERI;Eritrea;Year;2015-2019;VERDADERO;Uncertainty interval;80% uncertainty;UNCERTAINTY_INTERVAL_UI80;;;;;;;;;;2068;;;11;;37;21 [11-37];;;EN;26-04-2023 0:00
SRH_ABORTION_RATE;Abortion rate (model-estimated);numeric;AMR;Americas;Country;CRI;Costa Rica;Year;2015-2019;VERDADERO;Uncertainty interval;95% uncertainty;UNCERTAINTY_INTERVAL_UI95;;;;;;;;;;2107;;;13;;34;21 [13-34];;;EN;26-04-2023 0:00
SRH_ABORTION_RATE;Abortion rate (model-estimated);numeric;EUR;Europe;Country;UKR;Ukraine;Year;2015-2019;VERDADERO;Uncertainty interval;95% uncertainty;UNCERTAINTY_INTERVAL_UI95;;;;;;;;;;205;;;14;;38;21 [14-38];;;EN;26-04-2023 0:00
SRH_ABORTION_RATE;Abortion rate (model-estimated);numeric;WPR;Western Pacific;Country;KOR;Republic of Korea;Year;2015-2019;VERDADERO;Uncertainty interval;95% uncertainty;UNCERTAINTY_INTERVAL_UI95;;;;;;;;;;21;;;14;;40;21 [14-40];;;EN;26-04-2023 0:00
SRH_ABORTION_RATE;Abortion rate (model-estimated);numeric;AMR;Americas;Country;CRI;Costa Rica;Year;2015-2019;VERDADERO;Uncertainty interval;80% uncertainty;UNCERTAINTY_INTERVAL_UI80;;;;;;;;;;2107;;;15;;28;21 [15-28];;;EN;26-04-2023 0:00
SRH_ABORTION_RATE;Abortion rate (model-estimated);numeric;EUR;Europe;Country;UKR;Ukraine;Year;2015-2019;VERDADERO;Uncertainty interval;80% uncertainty;UNCERTAINTY_INTERVAL_UI80;;;;;;;;;;205;;;15;;30;21 [15-30];;;EN;26-04-2023 0:00
SRH_ABORTION_RATE;Abortion rate (model-estimated);numeric;WPR;Western Pacific;Country;KOR;Republic of Korea;Year;2015-2019;VERDADERO;Uncertainty interval;80% uncertainty;UNCERTAINTY_INTERVAL_UI80;;;;;;;;;;21;;;16;;31;21 [16-31];;;EN;26-04-2023 0:00
SRH_ABORTION_RATE;Abortion rate (model-estimated);numeric;WPR;Western Pacific;Country;MNG;Mongolia;Year;2015-2019;VERDADERO;Uncertainty interval;95% uncertainty;UNCERTAINTY_INTERVAL_UI95;;;;;;;;;;21;;;18;;23;21 [18-23];;;EN;26-04-2023 0:00
SRH_ABORTION_RATE;Abortion rate (model-estimated);numeric;WPR;Western Pacific;Country;MNG;Mongolia;Year;2015-2019;VERDADERO;Uncertainty interval;80% uncertainty;UNCERTAINTY_INTERVAL_UI80;;;;;;;;;;21;;;19;;22;21 [19-22];;;EN;26-04-2023 0:00
SRH_ABORTION_RATE;Abortion rate (model-estimated);numeric;AMR;Americas;Country;HND;Honduras;Year;2015-2019;VERDADERO;Uncertainty interval;95% uncertainty;UNCERTAINTY_INTERVAL_UI95;;;;;;;;;;2069;;;4;;50;21 [4-50];;;EN;26-04-2023 0:00
SRH_ABORTION_RATE;Abortion rate (model-estimated);numeric;AFR;Africa;Country;ERI;Eritrea;Year;2015-2019;VERDADERO;Uncertainty interval;95% uncertainty;UNCERTAINTY_INTERVAL_UI95;;;;;;;;;;2068;;;7;;50;21 [7-50];;;EN;26-04-2023 0:00
SRH_ABORTION_RATE;Abortion rate (model-estimated);numeric;EMR;Eastern Mediterranean;Country;DJI;Djibouti;Year;2015-2019;VERDADERO;Uncertainty interval;95% uncertainty;UNCERTAINTY_INTERVAL_UI95;;;;;;;;;;2056;;;7;;52;21 [7-52];;;EN;26-04-2023 0:00
SRH_ABORTION_RATE;Abortion rate (model-estimated);numeric;AMR;Americas;Country;HND;Honduras;Year;2015-2019;VERDADERO;Uncertainty interval;80% uncertainty;UNCERTAINTY_INTERVAL_UI80;;;;;;;;;;2069;;;8;;39;21 [8-39];;;EN;26-04-2023 0:00
SRH_ABORTION_RATE;Abortion rate (model-estimated);numeric;AFR;Africa;Country;LSO;Lesotho;Year;2015-2019;VERDADERO;Uncertainty interval;80% uncertainty;UNCERTAINTY_INTERVAL_UI80;;;;;;;;;;2348;;;11;;44;23 [11-44];;;EN;26-04-2023 0:00
SRH_ABORTION_RATE;Abortion rate (model-estimated);numeric;AFR;Africa;Country;MLI;Mali;Year;2015-2019;VERDADERO;Uncertainty interval;80% uncertainty;UNCERTAINTY_INTERVAL_UI80;;;;;;;;;;2251;;;12;;37;23 [12-37];;;EN;26-04-2023 0:00
SRH_ABORTION_RATE;Abortion rate (model-estimated);numeric;EUR;Europe;Country;UZB;Uzbekistan;Year;2015-2019;VERDADERO;Uncertainty interval;95% uncertainty;UNCERTAINTY_INTERVAL_UI95;;;;;;;;;;2271;;;13;;45;23 [13-45];;;EN;26-04-2023 0:00
SRH_ABORTION_RATE;Abortion rate (model-estimated);numeric;EUR;Europe;Country;UZB;Uzbekistan;Year;2015-2019;VERDADERO;Uncertainty interval;80% uncertainty;UNCERTAINTY_INTERVAL_UI80;;;;;;;;;;2271;;;15;;35;23 [15-35];;;EN;26-04-2023 0:00
SRH_ABORTION_RATE;Abortion rate (model-estimated);numeric;AFR;Africa;Country;LSO;Lesotho;Year;2015-2019;VERDADERO;Uncertainty interval;95% uncertainty;UNCERTAINTY_INTERVAL_UI95;;;;;;;;;;2348;;;6;;61;23 [6-61];;;EN;26-04-2023 0:00
SRH_ABORTION_RATE;Abortion rate (model-estimated);numeric;AFR;Africa;Country;MLI;Mali;Year;2015-2019;VERDADERO;Uncertainty interval;95% uncertainty;UNCERTAINTY_INTERVAL_UI95;;;;;;;;;;2251;;;8;;47;23 [8-47];;;EN;26-04-2023 0:00
SRH_ABORTION_RATE;Abortion rate (model-estimated);numeric;AMR;Americas;Country;SLV;El Salvador;Year;2015-2019;VERDADERO;Uncertainty interval;80% uncertainty;UNCERTAINTY_INTERVAL_UI80;;;;;;;;;;2403;;;12;;40;24 [12-40];;;EN;26-04-2023 0:00
SRH_ABORTION_RATE;Abortion rate (model-estimated);numeric;AFR;Africa;Country;ETH;Ethiopia;Year;2015-2019;VERDADERO;Uncertainty interval;95% uncertainty;UNCERTAINTY_INTERVAL_UI95;;;;;;;;;;2438;;;17;;35;24 [17-35];;;EN;26-04-2023 0:00
SRH_ABORTION_RATE;Abortion rate (model-estimated);numeric;AFR;Africa;Country;ETH;Ethiopia;Year;2015-2019;VERDADERO;Uncertainty interval;80% uncertainty;UNCERTAINTY_INTERVAL_UI80;;;;;;;;;;2438;;;20;;31;24 [20-31];;;EN;26-04-2023 0:00
SRH_ABORTION_RATE;Abortion rate (model-estimated);numeric;AMR;Americas;Country;SLV;El Salvador;Year;2015-2019;VERDADERO;Uncertainty interval;95% uncertainty;UNCERTAINTY_INTERVAL_UI95;;;;;;;;;;2403;;;9;;51;24 [9-51];;;EN;26-04-2023 0:00
SRH_ABORTION_RATE;Abortion rate (model-estimated);numeric;SEAR;South-East Asia;Country;IDN;Indonesia;Year;2015-2019;VERDADERO;Uncertainty interval;95% uncertainty;UNCERTAINTY_INTERVAL_UI95;;;;;;;;;;25;;;10;;52;25 [10-52];;;EN;26-04-2023 0:00
SRH_ABORTION_RATE;Abortion rate (model-estimated);numeric;WPR;Western Pacific;Country;TON;Tonga;Year;2015-2019;VERDADERO;Uncertainty interval;80% uncertainty;UNCERTAINTY_INTERVAL_UI80;;;;;;;;;;2499;;;11;;50;25 [11-50];;;EN;26-04-2023 0:00
SRH_ABORTION_RATE;Abortion rate (model-estimated);numeric;AFR;Africa;Country;SSD;South Sudan;Year;2015-2019;VERDADERO;Uncertainty interval;80% uncertainty;UNCERTAINTY_INTERVAL_UI80;;;;;;;;;;2453;;;12;;45;25 [12-45];;;EN;26-04-2023 0:00
SRH_ABORTION_RATE;Abortion rate (model-estimated);numeric;SEAR;South-East Asia;Country;THA;Thailand;Year;2015-2019;VERDADERO;Uncertainty interval;80% uncertainty;UNCERTAINTY_INTERVAL_UI80;;;;;;;;;;25;;;13;;45;25 [13-45];;;EN;26-04-2023 0:00
SRH_ABORTION_RATE;Abortion rate (model-estimated);numeric;SEAR;South-East Asia;Country;IDN;Indonesia;Year;2015-2019;VERDADERO;Uncertainty interval;80% uncertainty;UNCERTAINTY_INTERVAL_UI80;;;;;;;;;;25;;;14;;41;25 [14-41];;;EN;26-04-2023 0:00
SRH_ABORTION_RATE;Abortion rate (model-estimated);numeric;WPR;Western Pacific;Country;TON;Tonga;Year;2015-2019;VERDADERO;Uncertainty interval;95% uncertainty;UNCERTAINTY_INTERVAL_UI95;;;;;;;;;;2499;;;7;;72;25 [7-72];;;EN;26-04-2023 0:00
SRH_ABORTION_RATE;Abortion rate (model-estimated);numeric;AFR;Africa;Country;SSD;South Sudan;Year;2015-2019;VERDADERO;Uncertainty interval;95% uncertainty;UNCERTAINTY_INTERVAL_UI95;;;;;;;;;;2453;;;8;;61;25 [8-61];;;EN;26-04-2023 0:00
SRH_ABORTION_RATE;Abortion rate (model-estimated);numeric;SEAR;South-East Asia;Country;THA;Thailand;Year;2015-2019;VERDADERO;Uncertainty interval;95% uncertainty;UNCERTAINTY_INTERVAL_UI95;;;;;;;;;;25;;;9;;60;25 [9-60];;;EN;26-04-2023 0:00
SRH_ABORTION_RATE;Abortion rate (model-estimated);numeric;SEAR;South-East Asia;Country;MMR;Myanmar;Year;2015-2019;VERDADERO;Uncertainty interval;95% uncertainty;UNCERTAINTY_INTERVAL_UI95;;;;;;;;;;26;;;10;;55;26 [10-55];;;EN;26-04-2023 0:00
SRH_ABORTION_RATE;Abortion rate (model-estimated);numeric;AFR;Africa;Country;BDI;Burundi;Year;2015-2019;VERDADERO;Uncertainty interval;80% uncertainty;UNCERTAINTY_INTERVAL_UI80;;;;;;;;;;2559;;;12;;43;26 [12-43];;;EN;26-04-2023 0:00
SRH_ABORTION_RATE;Abortion rate (model-estimated);numeric;SEAR;South-East Asia;Country;MMR;Myanmar;Year;2015-2019;VERDADERO;Uncertainty interval;80% uncertainty;UNCERTAINTY_INTERVAL_UI80;;;;;;;;;;26;;;14;;43;26 [14-43];;;EN;26-04-2023 0:00
SRH_ABORTION_RATE;Abortion rate (model-estimated);numeric;AFR;Africa;Country;GIN;Guinea;Year;2015-2019;VERDADERO;Uncertainty interval;80% uncertainty;UNCERTAINTY_INTERVAL_UI80;;;;;;;;;;2645;;;14;;45;26 [14-45];;;EN;26-04-2023 0:00
SRH_ABORTION_RATE;Abortion rate (model-estimated);numeric;EUR;Europe;Country;TJK;Tajikistan;Year;2015-2019;VERDADERO;Uncertainty interval;95% uncertainty;UNCERTAINTY_INTERVAL_UI95;;;;;;;;;;2577;;;15;;60;26 [15-60];;;EN;26-04-2023 0:00
SRH_ABORTION_RATE;Abortion rate (model-estimated);numeric;EUR;Europe;Country;TJK;Tajikistan;Year;2015-2019;VERDADERO;Uncertainty interval;80% uncertainty;UNCERTAINTY_INTERVAL_UI80;;;;;;;;;;2577;;;17;;44;26 [17-44];;;EN;26-04-2023 0:00
SRH_ABORTION_RATE;Abortion rate (model-estimated);numeric;AFR;Africa;Country;BDI;Burundi;Year;2015-2019;VERDADERO;Uncertainty interval;95% uncertainty;UNCERTAINTY_INTERVAL_UI95;;;;;;;;;;2559;;;8;;56;26 [8-56];;;EN;26-04-2023 0:00
SRH_ABORTION_RATE;Abortion rate (model-estimated);numeric;AFR;Africa;Country;GIN;Guinea;Year;2015-2019;VERDADERO;Uncertainty interval;95% uncertainty;UNCERTAINTY_INTERVAL_UI95;;;;;;;;;;2645;;;9;;58;26 [9-58];;;EN;26-04-2023 0:00
SRH_ABORTION_RATE;Abortion rate (model-estimated);numeric;AFR;Africa;Country;CAF;Central African Republic;Year;2015-2019;VERDADERO;Uncertainty interval;80% uncertainty;UNCERTAINTY_INTERVAL_UI80;;;;;;;;;;2678;;;12;;54;27 [12-54];;;EN;26-04-2023 0:00
SRH_ABORTION_RATE;Abortion rate (model-estimated);numeric;AMR;Americas;Country;COL;Colombia;Year;2015-2019;VERDADERO;Uncertainty interval;95% uncertainty;UNCERTAINTY_INTERVAL_UI95;;;;;;;;;;2706;;;16;;41;27 [16-41];;;EN;26-04-2023 0:00
SRH_ABORTION_RATE;Abortion rate (model-estimated);numeric;AMR;Americas;Country;COL;Colombia;Year;2015-2019;VERDADERO;Uncertainty interval;80% uncertainty;UNCERTAINTY_INTERVAL_UI80;;;;;;;;;;2706;;;20;;36;27 [20-36];;;EN;26-04-2023 0:00
SRH_ABORTION_RATE;Abortion rate (model-estimated);numeric;AFR;Africa;Country;CAF;Central African Republic;Year;2015-2019;VERDADERO;Uncertainty interval;95% uncertainty;UNCERTAINTY_INTERVAL_UI95;;;;;;;;;;2678;;;6;;77;27 [6-77];;;EN;26-04-2023 0:00
SRH_ABORTION_RATE;Abortion rate (model-estimated);numeric;SEAR;South-East Asia;Country;LKA;Sri Lanka;Year;2015-2019;VERDADERO;Uncertainty interval;95% uncertainty;UNCERTAINTY_INTERVAL_UI95;;;;;;;;;;279;;;13;;59;28 [13-59];;;EN;26-04-2023 0:00
SRH_ABORTION_RATE;Abortion rate (model-estimated);numeric;AMR;Americas;Country;ECU;Ecuador;Year;2015-2019;VERDADERO;Uncertainty interval;80% uncertainty;UNCERTAINTY_INTERVAL_UI80;;;;;;;;;;2789;;;14;;50;28 [14-50];;;EN;26-04-2023 0:00
SRH_ABORTION_RATE;Abortion rate (model-estimated);numeric;AFR;Africa;Country;RWA;Rwanda;Year;2015-2019;VERDADERO;Uncertainty interval;95% uncertainty;UNCERTAINTY_INTERVAL_UI95;;;;;;;;;;2783;;;16;;42;28 [16-42];;;EN;26-04-2023 0:00
SRH_ABORTION_RATE;Abortion rate (model-estimated);numeric;SEAR;South-East Asia;Country;LKA;Sri Lanka;Year;2015-2019;VERDADERO;Uncertainty interval;80% uncertainty;UNCERTAINTY_INTERVAL_UI80;;;;;;;;;;279;;;17;;45;28 [17-45];;;EN;26-04-2023 0:00
SRH_ABORTION_RATE;Abortion rate (model-estimated);numeric;AFR;Africa;Country;RWA;Rwanda;Year;2015-2019;VERDADERO;Uncertainty interval;80% uncertainty;UNCERTAINTY_INTERVAL_UI80;;;;;;;;;;2783;;;20;;37;28 [20-37];;;EN;26-04-2023 0:00
SRH_ABORTION_RATE;Abortion rate (model-estimated);numeric;AMR;Americas;Country;ECU;Ecuador;Year;2015-2019;VERDADERO;Uncertainty interval;95% uncertainty;UNCERTAINTY_INTERVAL_UI95;;;;;;;;;;2789;;;8;;66;28 [8-66];;;EN;26-04-2023 0:00
SRH_ABORTION_RATE;Abortion rate (model-estimated);numeric;AFR;Africa;Country;SWZ;Eswatini;Year;2015-2019;VERDADERO;Uncertainty interval;80% uncertainty;UNCERTAINTY_INTERVAL_UI80;;;;;;;;;;2927;;;13;;55;29 [13-55];;;EN;26-04-2023 0:00
SRH_ABORTION_RATE;Abortion rate (model-estimated);numeric;AFR;Africa;Country;NAM;Namibia;Year;2015-2019;VERDADERO;Uncertainty interval;80% uncertainty;UNCERTAINTY_INTERVAL_UI80;;;;;;;;;;2923;;;13;;58;29 [13-58];;;EN;26-04-2023 0:00
SRH_ABORTION_RATE;Abortion rate (model-estimated);numeric;EMR;Eastern Mediterranean;Country;SOM;Somalia;Year;2015-2019;VERDADERO;Uncertainty interval;80% uncertainty;UNCERTAINTY_INTERVAL_UI80;;;;;;;;;;2866;;;14;;51;29 [14-51];;;EN;26-04-2023 0:00
SRH_ABORTION_RATE;Abortion rate (model-estimated);numeric;EMR;Eastern Mediterranean;Country;SOM;Somalia;Year;2015-2019;VERDADERO;Uncertainty interval;95% uncertainty;UNCERTAINTY_INTERVAL_UI95;;;;;;;;;;2866;;;6;;68;29 [6-68];;;EN;26-04-2023 0:00
SRH_ABORTION_RATE;Abortion rate (model-estimated);numeric;AFR;Africa;Country;SWZ;Eswatini;Year;2015-2019;VERDADERO;Uncertainty interval;95% uncertainty;UNCERTAINTY_INTERVAL_UI95;;;;;;;;;;2927;;;8;;78;29 [8-78];;;EN;26-04-2023 0:00
SRH_ABORTION_RATE;Abortion rate (model-estimated);numeric;AFR;Africa;Country;NAM;Namibia;Year;2015-2019;VERDADERO;Uncertainty interval;95% uncertainty;UNCERTAINTY_INTERVAL_UI95;;;;;;;;;;2923;;;8;;81;29 [8-81];;;EN;26-04-2023 0:00
SRH_ABORTION_RATE;Abortion rate (model-estimated);numeric;AFR;Africa;Country;ZAF;South Africa;Year;2015-2019;VERDADERO;Uncertainty interval;95% uncertainty;UNCERTAINTY_INTERVAL_UI95;;;;;;;;;;2969;;;10;;78;30 [10-78];;;EN;26-04-2023 0:00
SRH_ABORTION_RATE;Abortion rate (model-estimated);numeric;AMR;Americas;Country;PAN;Panama;Year;2015-2019;VERDADERO;Uncertainty interval;95% uncertainty;UNCERTAINTY_INTERVAL_UI95;;;;;;;;;;2965;;;12;;63;30 [12-63];;;EN;26-04-2023 0:00
SRH_ABORTION_RATE;Abortion rate (model-estimated);numeric;AFR;Africa;Country;ZAF;South Africa;Year;2015-2019;VERDADERO;Uncertainty interval;80% uncertainty;UNCERTAINTY_INTERVAL_UI80;;;;;;;;;;2969;;;14;;57;30 [14-57];;;EN;26-04-2023 0:00
SRH_ABORTION_RATE;Abortion rate (model-estimated);numeric;AMR;Americas;Country;PAN;Panama;Year;2015-2019;VERDADERO;Uncertainty interval;80% uncertainty;UNCERTAINTY_INTERVAL_UI80;;;;;;;;;;2965;;;17;;50;30 [17-50];;;EN;26-04-2023 0:00
SRH_ABORTION_RATE;Abortion rate (model-estimated);numeric;AFR;Africa;Country;BFA;Burkina Faso;Year;2015-2019;VERDADERO;Uncertainty interval;95% uncertainty;UNCERTAINTY_INTERVAL_UI95;;;;;;;;;;3046;;;18;;49;30 [18-49];;;EN;26-04-2023 0:00
SRH_ABORTION_RATE;Abortion rate (model-estimated);numeric;AFR;Africa;Country;BFA;Burkina Faso;Year;2015-2019;VERDADERO;Uncertainty interval;80% uncertainty;UNCERTAINTY_INTERVAL_UI80;;;;;;;;;;3046;;;22;;42;30 [22-42];;;EN;26-04-2023 0:00
SRH_ABORTION_RATE;Abortion rate (model-estimated);numeric;AFR;Africa;Country;COM;Comoros;Year;2015-2019;VERDADERO;Uncertainty interval;95% uncertainty;UNCERTAINTY_INTERVAL_UI95;;;;;;;;;;3063;;;11;;67;31 [11-67];;;EN;26-04-2023 0:00
SRH_ABORTION_RATE;Abortion rate (model-estimated);numeric;AMR;Americas;Country;SUR;Suriname;Year;2015-2019;VERDADERO;Uncertainty interval;95% uncertainty;UNCERTAINTY_INTERVAL_UI95;;;;;;;;;;3098;;;12;;60;31 [12-60];;;EN;26-04-2023 0:00
SRH_ABORTION_RATE;Abortion rate (model-estimated);numeric;AMR;Americas;Country;PRI;Puerto Rico;Year;2015-2019;VERDADERO;Uncertainty interval;95% uncertainty;UNCERTAINTY_INTERVAL_UI95;;;;;;;;;;3148;;;13;;64;31 [13-64];;;EN;26-04-2023 0:00
SRH_ABORTION_RATE;Abortion rate (model-estimated);numeric;AFR;Africa;Country;BWA;Botswana;Year;2015-2019;VERDADERO;Uncertainty interval;95% uncertainty;UNCERTAINTY_INTERVAL_UI95;;;;;;;;;;3073;;;14;;78;31 [14-78];;;EN;26-04-2023 0:00
SRH_ABORTION_RATE;Abortion rate (model-estimated);numeric;AFR;Africa;Country;COM;Comoros;Year;2015-2019;VERDADERO;Uncertainty interval;80% uncertainty;UNCERTAINTY_INTERVAL_UI80;;;;;;;;;;3063;;;16;;50;31 [16-50];;;EN;26-04-2023 0:00
SRH_ABORTION_RATE;Abortion rate (model-estimated);numeric;EUR;Europe;Country;ROU;Romania;Year;2015-2019;VERDADERO;Uncertainty interval;95% uncertainty;UNCERTAINTY_INTERVAL_UI95;;;;;;;;;;3105;;;17;;68;31 [17-68];;;EN;26-04-2023 0:00
SRH_ABORTION_RATE;Abortion rate (model-estimated);numeric;AMR;Americas;Country;SUR;Suriname;Year;2015-2019;VERDADERO;Uncertainty interval;80% uncertainty;UNCERTAINTY_INTERVAL_UI80;;;;;;;;;;3098;;;18;;49;31 [18-49];;;EN;26-04-2023 0:00
SRH_ABORTION_RATE;Abortion rate (model-estimated);numeric;AMR;Americas;Country;PRI;Puerto Rico;Year;2015-2019;VERDADERO;Uncertainty interval;80% uncertainty;UNCERTAINTY_INTERVAL_UI80;;;;;;;;;;3148;;;18;;51;31 [18-51];;;EN;26-04-2023 0:00
SRH_ABORTION_RATE;Abortion rate (model-estimated);numeric;AFR;Africa;Country;BWA;Botswana;Year;2015-2019;VERDADERO;Uncertainty interval;80% uncertainty;UNCERTAINTY_INTERVAL_UI80;;;;;;;;;;3073;;;18;;56;31 [18-56];;;EN;26-04-2023 0:00
SRH_ABORTION_RATE;Abortion rate (model-estimated);numeric;AMR;Americas;Country;MEX;Mexico;Year;2015-2019;VERDADERO;Uncertainty interval;95% uncertainty;UNCERTAINTY_INTERVAL_UI95;;;;;;;;;;3063;;;19;;45;31 [19-45];;;EN;26-04-2023 0:00
SRH_ABORTION_RATE;Abortion rate (model-estimated);numeric;EUR;Europe;Country;KGZ;Kyrgyzstan;Year;2015-2019;VERDADERO;Uncertainty interval;95% uncertainty;UNCERTAINTY_INTERVAL_UI95;;;;;;;;;;3117;;;19;;53;31 [19-53];;;EN;26-04-2023 0:00
SRH_ABORTION_RATE;Abortion rate (model-estimated);numeric;EUR;Europe;Country;ROU;Romania;Year;2015-2019;VERDADERO;Uncertainty interval;80% uncertainty;UNCERTAINTY_INTERVAL_UI80;;;;;;;;;;3105;;;21;;51;31 [21-51];;;EN;26-04-2023 0:00
SRH_ABORTION_RATE;Abortion rate (model-estimated);numeric;EUR;Europe;Country;KGZ;Kyrgyzstan;Year;2015-2019;VERDADERO;Uncertainty interval;80% uncertainty;UNCERTAINTY_INTERVAL_UI80;;;;;;;;;;3117;;;22;;44;31 [22-44];;;EN;26-04-2023 0:00
SRH_ABORTION_RATE;Abortion rate (model-estimated);numeric;AMR;Americas;Country;MEX;Mexico;Year;2015-2019;VERDADERO;Uncertainty interval;80% uncertainty;UNCERTAINTY_INTERVAL_UI80;;;;;;;;;;3063;;;23;;40;31 [23-40];;;EN;26-04-2023 0:00
SRH_ABORTION_RATE;Abortion rate (model-estimated);numeric;AFR;Africa;Country;MWI;Malawi;Year;2015-2019;VERDADERO;Uncertainty interval;95% uncertainty;UNCERTAINTY_INTERVAL_UI95;;;;;;;;;;3137;;;25;;40;31 [25-40];;;EN;26-04-2023 0:00
SRH_ABORTION_RATE;Abortion rate (model-estimated);numeric;AFR;Africa;Country;MWI;Malawi;Year;2015-2019;VERDADERO;Uncertainty interval;80% uncertainty;UNCERTAINTY_INTERVAL_UI80;;;;;;;;;;3137;;;27;;36;31 [27-36];;;EN;26-04-2023 0:00
SRH_ABORTION_RATE;Abortion rate (model-estimated);numeric;AFR;Africa;Country;TGO;Togo;Year;2015-2019;VERDADERO;Uncertainty interval;95% uncertainty;UNCERTAINTY_INTERVAL_UI95;;;;;;;;;;321;;;10;;73;32 [10-73];;;EN;26-04-2023 0:00
SRH_ABORTION_RATE;Abortion rate (model-estimated);numeric;AFR;Africa;Country;BEN;Benin;Year;2015-2019;VERDADERO;Uncertainty interval;95% uncertainty;UNCERTAINTY_INTERVAL_UI95;;;;;;;;;;3192;;;11;;70;32 [11-70];;;EN;26-04-2023 0:00
SRH_ABORTION_RATE;Abortion rate (model-estimated);numeric;AMR;Americas;Country;BRA;Brazil;Year;2015-2019;VERDADERO;Uncertainty interval;95% uncertainty;UNCERTAINTY_INTERVAL_UI95;;;;;;;;;;3233;;;13;;69;32 [13-69];;;EN;26-04-2023 0:00
SRH_ABORTION_RATE;Abortion rate (model-estimated);numeric;SEAR;South-East Asia;Country;BTN;Bhutan;Year;2015-2019;VERDADERO;Uncertainty interval;95% uncertainty;UNCERTAINTY_INTERVAL_UI95;;;;;;;;;;3206;;;15;;58;32 [15-58];;;EN;26-04-2023 0:00
SRH_ABORTION_RATE;Abortion rate (model-estimated);numeric;AMR;Americas;Country;BLZ;Belize;Year;2015-2019;VERDADERO;Uncertainty interval;80% uncertainty;UNCERTAINTY_INTERVAL_UI80;;;;;;;;;;3181;;;15;;59;32 [15-59];;;EN;26-04-2023 0:00
SRH_ABORTION_RATE;Abortion rate (model-estimated);numeric;AFR;Africa;Country;TGO;Togo;Year;2015-2019;VERDADERO;Uncertainty interval;80% uncertainty;UNCERTAINTY_INTERVAL_UI80;;;;;;;;;;321;;;16;;56;32 [16-56];;;EN;26-04-2023 0:00
SRH_ABORTION_RATE;Abortion rate (model-estimated);numeric;AFR;Africa;Country;BEN;Benin;Year;2015-2019;VERDADERO;Uncertainty interval;80% uncertainty;UNCERTAINTY_INTERVAL_UI80;;;;;;;;;;3192;;;17;;54;32 [17-54];;;EN;26-04-2023 0:00
SRH_ABORTION_RATE;Abortion rate (model-estimated);numeric;AMR;Americas;Country;BRA;Brazil;Year;2015-2019;VERDADERO;Uncertainty interval;80% uncertainty;UNCERTAINTY_INTERVAL_UI80;;;;;;;;;;3233;;;18;;54;32 [18-54];;;EN;26-04-2023 0:00
SRH_ABORTION_RATE;Abortion rate (model-estimated);numeric;SEAR;South-East Asia;Country;BTN;Bhutan;Year;2015-2019;VERDADERO;Uncertainty interval;80% uncertainty;UNCERTAINTY_INTERVAL_UI80;;;;;;;;;;3206;;;21;;47;32 [21-47];;;EN;26-04-2023 0:00
SRH_ABORTION_RATE;Abortion rate (model-estimated);numeric;WPR;Western Pacific;Country;SLB;Solomon Islands;Year;2015-2019;VERDADERO;Uncertainty interval;95% uncertainty;UNCERTAINTY_INTERVAL_UI95;;;;;;;;;;3208;;;2;;84;32 [2-84];;;EN;26-04-2023 0:00
SRH_ABORTION_RATE;Abortion rate (model-estimated);numeric;WPR;Western Pacific;Country;SLB;Solomon Islands;Year;2015-2019;VERDADERO;Uncertainty interval;80% uncertainty;UNCERTAINTY_INTERVAL_UI80;;;;;;;;;;3208;;;8;;65;32 [8-65];;;EN;26-04-2023 0:00
SRH_ABORTION_RATE;Abortion rate (model-estimated);numeric;AMR;Americas;Country;BLZ;Belize;Year;2015-2019;VERDADERO;Uncertainty interval;95% uncertainty;UNCERTAINTY_INTERVAL_UI95;;;;;;;;;;3181;;;8;;76;32 [8-76];;;EN;26-04-2023 0:00
SRH_ABORTION_RATE;Abortion rate (model-estimated);numeric;AFR;Africa;Country;COD;Democratic Republic of the Congo;Year;2015-2019;VERDADERO;Uncertainty interval;95% uncertainty;UNCERTAINTY_INTERVAL_UI95;;;;;;;;;;327;;;11;;59;33 [11-59];;;EN;26-04-2023 0:00
SRH_ABORTION_RATE;Abortion rate (model-estimated);numeric;AFR;Africa;Country;AGO;Angola;Year;2015-2019;VERDADERO;Uncertainty interval;80% uncertainty;UNCERTAINTY_INTERVAL_UI80;;;;;;;;;;3336;;;14;;65;33 [14-65];;;EN;26-04-2023 0:00
SRH_ABORTION_RATE;Abortion rate (model-estimated);numeric;AFR;Africa;Country;COD;Democratic Republic of the Congo;Year;2015-2019;VERDADERO;Uncertainty interval;80% uncertainty;UNCERTAINTY_INTERVAL_UI80;;;;;;;;;;327;;;17;;50;33 [17-50];;;EN;26-04-2023 0:00
SRH_ABORTION_RATE;Abortion rate (model-estimated);numeric;AMR;Americas;Country;ARG;Argentina;Year;2015-2019;VERDADERO;Uncertainty interval;95% uncertainty;UNCERTAINTY_INTERVAL_UI95;;;;;;;;;;3319;;;18;;55;33 [18-55];;;EN;26-04-2023 0:00
SRH_ABORTION_RATE;Abortion rate (model-estimated);numeric;AMR;Americas;Country;ARG;Argentina;Year;2015-2019;VERDADERO;Uncertainty interval;80% uncertainty;UNCERTAINTY_INTERVAL_UI80;;;;;;;;;;3319;;;23;;46;33 [23-46];;;EN;26-04-2023 0:00
SRH_ABORTION_RATE;Abortion rate (model-estimated);numeric;AFR;Africa;Country;NGA;Nigeria;Year;2015-2019;VERDADERO;Uncertainty interval;95% uncertainty;UNCERTAINTY_INTERVAL_UI95;;;;;;;;;;327;;;23;;46;33 [23-46];;;EN;26-04-2023 0:00
SRH_ABORTION_RATE;Abortion rate (model-estimated);numeric;AFR;Africa;Country;NGA;Nigeria;Year;2015-2019;VERDADERO;Uncertainty interval;80% uncertainty;UNCERTAINTY_INTERVAL_UI80;;;;;;;;;;327;;;26;;41;33 [26-41];;;EN;26-04-2023 0:00
SRH_ABORTION_RATE;Abortion rate (model-estimated);numeric;AFR;Africa;Country;AGO;Angola;Year;2015-2019;VERDADERO;Uncertainty interval;95% uncertainty;UNCERTAINTY_INTERVAL_UI95;;;;;;;;;;3336;;;7;;88;33 [7-88];;;EN;26-04-2023 0:00
SRH_ABORTION_RATE;Abortion rate (model-estimated);numeric;AMR;Americas;Country;PRY;Paraguay;Year;2015-2019;VERDADERO;Uncertainty interval;95% uncertainty;UNCERTAINTY_INTERVAL_UI95;;;;;;;;;;3399;;;11;;80;34 [11-80];;;EN;26-04-2023 0:00
SRH_ABORTION_RATE;Abortion rate (model-estimated);numeric;AFR;Africa;Country;CMR;Cameroon;Year;2015-2019;VERDADERO;Uncertainty interval;95% uncertainty;UNCERTAINTY_INTERVAL_UI95;;;;;;;;;;3387;;;12;;82;34 [12-82];;;EN;26-04-2023 0:00
SRH_ABORTION_RATE;Abortion rate (model-estimated);numeric;SEAR;South-East Asia;Country;TLS;Timor-Leste;Year;2015-2019;VERDADERO;Uncertainty interval;95% uncertainty;UNCERTAINTY_INTERVAL_UI95;;;;;;;;;;34;;;14;;75;34 [14-75];;;EN;26-04-2023 0:00
SRH_ABORTION_RATE;Abortion rate (model-estimated);numeric;AMR;Americas;Country;PRY;Paraguay;Year;2015-2019;VERDADERO;Uncertainty interval;80% uncertainty;UNCERTAINTY_INTERVAL_UI80;;;;;;;;;;3399;;;16;;60;34 [16-60];;;EN;26-04-2023 0:00
SRH_ABORTION_RATE;Abortion rate (model-estimated);numeric;WPR;Western Pacific;Country;LAO;Lao People's Democratic Republic;Year;2015-2019;VERDADERO;Uncertainty interval;95% uncertainty;UNCERTAINTY_INTERVAL_UI95;;;;;;;;;;34;;;16;;71;34 [16-71];;;EN;26-04-2023 0:00
SRH_ABORTION_RATE;Abortion rate (model-estimated);numeric;AFR;Africa;Country;CMR;Cameroon;Year;2015-2019;VERDADERO;Uncertainty interval;80% uncertainty;UNCERTAINTY_INTERVAL_UI80;;;;;;;;;;3387;;;18;;60;34 [18-60];;;EN;26-04-2023 0:00
SRH_ABORTION_RATE;Abortion rate (model-estimated);numeric;SEAR;South-East Asia;Country;TLS;Timor-Leste;Year;2015-2019;VERDADERO;Uncertainty interval;80% uncertainty;UNCERTAINTY_INTERVAL_UI80;;;;;;;;;;34;;;19;;56;34 [19-56];;;EN;26-04-2023 0:00
SRH_ABORTION_RATE;Abortion rate (model-estimated);numeric;WPR;Western Pacific;Country;LAO;Lao People's Democratic Republic;Year;2015-2019;VERDADERO;Uncertainty interval;80% uncertainty;UNCERTAINTY_INTERVAL_UI80;;;;;;;;;;34;;;21;;56;34 [21-56];;;EN;26-04-2023 0:00
SRH_ABORTION_RATE;Abortion rate (model-estimated);numeric;AFR;Africa;Country;ZMB;Zambia;Year;2015-2019;VERDADERO;Uncertainty interval;95% uncertainty;UNCERTAINTY_INTERVAL_UI95;;;;;;;;;;3462;;;10;;69;35 [10-69];;;EN;26-04-2023 0:00
SRH_ABORTION_RATE;Abortion rate (model-estimated);numeric;AFR;Africa;Country;CIV;Cote d'Ivoire;Year;2015-2019;VERDADERO;Uncertainty interval;95% uncertainty;UNCERTAINTY_INTERVAL_UI95;;;;;;;;;;3534;;;12;;84;35 [12-84];;;EN;26-04-2023 0:00
SRH_ABORTION_RATE;Abortion rate (model-estimated);numeric;AFR;Africa;Country;ZMB;Zambia;Year;2015-2019;VERDADERO;Uncertainty interval;80% uncertainty;UNCERTAINTY_INTERVAL_UI80;;;;;;;;;;3462;;;18;;55;35 [18-55];;;EN;26-04-2023 0:00
SRH_ABORTION_RATE;Abortion rate (model-estimated);numeric;AFR;Africa;Country;CIV;Cote d'Ivoire;Year;2015-2019;VERDADERO;Uncertainty interval;80% uncertainty;UNCERTAINTY_INTERVAL_UI80;;;;;;;;;;3534;;;18;;63;35 [18-63];;;EN;26-04-2023 0:00
SRH_ABORTION_RATE;Abortion rate (model-estimated);numeric;SEAR;South-East Asia;Country;BGD;Bangladesh;Year;2015-2019;VERDADERO;Uncertainty interval;95% uncertainty;UNCERTAINTY_INTERVAL_UI95;;;;;;;;;;3533;;;25;;50;35 [25-50];;;EN;26-04-2023 0:00
SRH_ABORTION_RATE;Abortion rate (model-estimated);numeric;SEAR;South-East Asia;Country;BGD;Bangladesh;Year;2015-2019;VERDADERO;Uncertainty interval;80% uncertainty;UNCERTAINTY_INTERVAL_UI80;;;;;;;;;;3533;;;29;;44;35 [29-44];;;EN;26-04-2023 0:00
SRH_ABORTION_RATE;Abortion rate (model-estimated);numeric;AMR;Americas;Country;GUY;Guyana;Year;2015-2019;VERDADERO;Uncertainty interval;95% uncertainty;UNCERTAINTY_INTERVAL_UI95;;;;;;;;;;3637;;;15;;71;36 [15-71];;;EN;26-04-2023 0:00
SRH_ABORTION_RATE;Abortion rate (model-estimated);numeric;WPR;Western Pacific;Country;PNG;Papua New Guinea;Year;2015-2019;VERDADERO;Uncertainty interval;80% uncertainty;UNCERTAINTY_INTERVAL_UI80;;;;;;;;;;3643;;;16;;73;36 [16-73];;;EN;26-04-2023 0:00
SRH_ABORTION_RATE;Abortion rate (model-estimated);numeric;AMR;Americas;Country;CHL;Chile;Year;2015-2019;VERDADERO;Uncertainty interval;95% uncertainty;UNCERTAINTY_INTERVAL_UI95;;;;;;;;;;3587;;;16;;76;36 [16-76];;;EN;26-04-2023 0:00
SRH_ABORTION_RATE;Abortion rate (model-estimated);numeric;WPR;Western Pacific;Country;PHL;Philippines;Year;2015-2019;VERDADERO;Uncertainty interval;95% uncertainty;UNCERTAINTY_INTERVAL_UI95;;;;;;;;;;36;;;17;;63;36 [17-63];;;EN;26-04-2023 0:00
SRH_ABORTION_RATE;Abortion rate (model-estimated);numeric;AMR;Americas;Country;GUY;Guyana;Year;2015-2019;VERDADERO;Uncertainty interval;80% uncertainty;UNCERTAINTY_INTERVAL_UI80;;;;;;;;;;3637;;;21;;57;36 [21-57];;;EN;26-04-2023 0:00
SRH_ABORTION_RATE;Abortion rate (model-estimated);numeric;AMR;Americas;Country;CHL;Chile;Year;2015-2019;VERDADERO;Uncertainty interval;80% uncertainty;UNCERTAINTY_INTERVAL_UI80;;;;;;;;;;3587;;;21;;59;36 [21-59];;;EN;26-04-2023 0:00
SRH_ABORTION_RATE;Abortion rate (model-estimated);numeric;WPR;Western Pacific;Country;PHL;Philippines;Year;2015-2019;VERDADERO;Uncertainty interval;80% uncertainty;UNCERTAINTY_INTERVAL_UI80;;;;;;;;;;36;;;23;;53;36 [23-53];;;EN;26-04-2023 0:00
SRH_ABORTION_RATE;Abortion rate (model-estimated);numeric;WPR;Western Pacific;Country;PNG;Papua New Guinea;Year;2015-2019;VERDADERO;Uncertainty interval;95% uncertainty;UNCERTAINTY_INTERVAL_UI95;;;;;;;;;;3643;;;8;;101;36 [8-101];;;EN;26-04-2023 0:00
SRH_ABORTION_RATE;Abortion rate (model-estimated);numeric;AMR;Americas;Country;LCA;Saint Lucia;Year;2015-2019;VERDADERO;Uncertainty interval;95% uncertainty;UNCERTAINTY_INTERVAL_UI95;;;;;;;;;;3718;;;14;;80;37 [14-80];;;EN;26-04-2023 0:00
SRH_ABORTION_RATE;Abortion rate (model-estimated);numeric;AFR;Africa;Country;GHA;Ghana;Year;2015-2019;VERDADERO;Uncertainty interval;95% uncertainty;UNCERTAINTY_INTERVAL_UI95;;;;;;;;;;3664;;;16;;76;37 [16-76];;;EN;26-04-2023 0:00
SRH_ABORTION_RATE;Abortion rate (model-estimated);numeric;AMR;Americas;Country;DOM;Dominican Republic;Year;2015-2019;VERDADERO;Uncertainty interval;95% uncertainty;UNCERTAINTY_INTERVAL_UI95;;;;;;;;;;3656;;;18;;65;37 [18-65];;;EN;26-04-2023 0:00
SRH_ABORTION_RATE;Abortion rate (model-estimated);numeric;AFR;Africa;Country;GHA;Ghana;Year;2015-2019;VERDADERO;Uncertainty interval;80% uncertainty;UNCERTAINTY_INTERVAL_UI80;;;;;;;;;;3664;;;21;;60;37 [21-60];;;EN;26-04-2023 0:00
SRH_ABORTION_RATE;Abortion rate (model-estimated);numeric;AMR;Americas;Country;LCA;Saint Lucia;Year;2015-2019;VERDADERO;Uncertainty interval;80% uncertainty;UNCERTAINTY_INTERVAL_UI80;;;;;;;;;;3718;;;21;;62;37 [21-62];;;EN;26-04-2023 0:00
SRH_ABORTION_RATE;Abortion rate (model-estimated);numeric;AMR;Americas;Country;DOM;Dominican Republic;Year;2015-2019;VERDADERO;Uncertainty interval;80% uncertainty;UNCERTAINTY_INTERVAL_UI80;;;;;;;;;;3656;;;23;;54;37 [23-54];;;EN;26-04-2023 0:00
SRH_ABORTION_RATE;Abortion rate (model-estimated);numeric;AMR;Americas;Country;HTI;Haiti;Year;2015-2019;VERDADERO;Uncertainty interval;95% uncertainty;UNCERTAINTY_INTERVAL_UI95;;;;;;;;;;381;;;10;;86;38 [10-86];;;EN;26-04-2023 0:00
SRH_ABORTION_RATE;Abortion rate (model-estimated);numeric;AMR;Americas;Country;BOL;Bolivia (Plurinational State of);Year;2015-2019;VERDADERO;Uncertainty interval;95% uncertainty;UNCERTAINTY_INTERVAL_UI95;;;;;;;;;;3779;;;10;;87;38 [10-87];;;EN;26-04-2023 0:00
SRH_ABORTION_RATE;Abortion rate (model-estimated);numeric;AMR;Americas;Country;JAM;Jamaica;Year;2015-2019;VERDADERO;Uncertainty interval;95% uncertainty;UNCERTAINTY_INTERVAL_UI95;;;;;;;;;;3813;;;14;;76;38 [14-76];;;EN;26-04-2023 0:00
SRH_ABORTION_RATE;Abortion rate (model-estimated);numeric;AMR;Americas;Country;HTI;Haiti;Year;2015-2019;VERDADERO;Uncertainty interval;80% uncertainty;UNCERTAINTY_INTERVAL_UI80;;;;;;;;;;381;;;17;;68;38 [17-68];;;EN;26-04-2023 0:00
SRH_ABORTION_RATE;Abortion rate (model-estimated);numeric;AMR;Americas;Country;BOL;Bolivia (Plurinational State of);Year;2015-2019;VERDADERO;Uncertainty interval;80% uncertainty;UNCERTAINTY_INTERVAL_UI80;;;;;;;;;;3779;;;18;;67;38 [18-67];;;EN;26-04-2023 0:00
SRH_ABORTION_RATE;Abortion rate (model-estimated);numeric;AMR;Americas;Country;JAM;Jamaica;Year;2015-2019;VERDADERO;Uncertainty interval;80% uncertainty;UNCERTAINTY_INTERVAL_UI80;;;;;;;;;;3813;;;21;;61;38 [21-61];;;EN;26-04-2023 0:00
SRH_ABORTION_RATE;Abortion rate (model-estimated);numeric;AFR;Africa;Country;TZA;United Republic of Tanzania;Year;2015-2019;VERDADERO;Uncertainty interval;95% uncertainty;UNCERTAINTY_INTERVAL_UI95;;;;;;;;;;3753;;;25;;53;38 [25-53];;;EN;26-04-2023 0:00
SRH_ABORTION_RATE;Abortion rate (model-estimated);numeric;AFR;Africa;Country;TZA;United Republic of Tanzania;Year;2015-2019;VERDADERO;Uncertainty interval;80% uncertainty;UNCERTAINTY_INTERVAL_UI80;;;;;;;;;;3753;;;30;;47;38 [30-47];;;EN;26-04-2023 0:00
SRH_ABORTION_RATE;Abortion rate (model-estimated);numeric;AFR;Africa;Country;STP;Sao Tome and Principe;Year;2015-2019;VERDADERO;Uncertainty interval;80% uncertainty;UNCERTAINTY_INTERVAL_UI80;;;;;;;;;;3852;;;15;;73;39 [15-73];;;EN;26-04-2023 0:00
SRH_ABORTION_RATE;Abortion rate (model-estimated);numeric;WPR;Western Pacific;Country;VUT;Vanuatu;Year;2015-2019;VERDADERO;Uncertainty interval;80% uncertainty;UNCERTAINTY_INTERVAL_UI80;;;;;;;;;;3916;;;17;;77;39 [17-77];;;EN;26-04-2023 0:00
SRH_ABORTION_RATE;Abortion rate (model-estimated);numeric;AFR;Africa;Country;STP;Sao Tome and Principe;Year;2015-2019;VERDADERO;Uncertainty interval;95% uncertainty;UNCERTAINTY_INTERVAL_UI95;;;;;;;;;;3852;;;6;;100;39 [6-100];;;EN;26-04-2023 0:00
SRH_ABORTION_RATE;Abortion rate (model-estimated);numeric;WPR;Western Pacific;Country;VUT;Vanuatu;Year;2015-2019;VERDADERO;Uncertainty interval;95% uncertainty;UNCERTAINTY_INTERVAL_UI95;;;;;;;;;;3916;;;9;;102;39 [9-102];;;EN;26-04-2023 0:00
SRH_ABORTION_RATE;Abortion rate (model-estimated);numeric;AFR;Africa;Country;MOZ;Mozambique;Year;2015-2019;VERDADERO;Uncertainty interval;95% uncertainty;UNCERTAINTY_INTERVAL_UI95;;;;;;;;;;4043;;;15;;82;40 [15-82];;;EN;26-04-2023 0:00
SRH_ABORTION_RATE;Abortion rate (model-estimated);numeric;AFR;Africa;Country;MOZ;Mozambique;Year;2015-2019;VERDADERO;Uncertainty interval;80% uncertainty;UNCERTAINTY_INTERVAL_UI80;;;;;;;;;;4043;;;23;;67;40 [23-67];;;EN;26-04-2023 0:00
SRH_ABORTION_RATE;Abortion rate (model-estimated);numeric;AFR;Africa;Country;GAB;Gabon;Year;2015-2019;VERDADERO;Uncertainty interval;95% uncertainty;UNCERTAINTY_INTERVAL_UI95;;;;;;;;;;406;;;21;;96;41 [21-96];;;EN;26-04-2023 0:00
SRH_ABORTION_RATE;Abortion rate (model-estimated);numeric;AFR;Africa;Country;GAB;Gabon;Year;2015-2019;VERDADERO;Uncertainty interval;80% uncertainty;UNCERTAINTY_INTERVAL_UI80;;;;;;;;;;406;;;25;;72;41 [25-72];;;EN;26-04-2023 0:00
SRH_ABORTION_RATE;Abortion rate (model-estimated);numeric;SEAR;South-East Asia;Country;NPL;Nepal;Year;2015-2019;VERDADERO;Uncertainty interval;95% uncertainty;UNCERTAINTY_INTERVAL_UI95;;;;;;;;;;4134;;;28;;60;41 [28-60];;;EN;26-04-2023 0:00
SRH_ABORTION_RATE;Abortion rate (model-estimated);numeric;SEAR;South-East Asia;Country;NPL;Nepal;Year;2015-2019;VERDADERO;Uncertainty interval;80% uncertainty;UNCERTAINTY_INTERVAL_UI80;;;;;;;;;;4134;;;32;;53;41 [32-53];;;EN;26-04-2023 0:00
SRH_ABORTION_RATE;Abortion rate (model-estimated);numeric;AFR;Africa;Country;LBR;Liberia;Year;2015-2019;VERDADERO;Uncertainty interval;95% uncertainty;UNCERTAINTY_INTERVAL_UI95;;;;;;;;;;4231;;;14;;103;42 [14-103];;;EN;26-04-2023 0:00
SRH_ABORTION_RATE;Abortion rate (model-estimated);numeric;SEAR;South-East Asia;Country;MDV;Maldives;Year;2015-2019;VERDADERO;Uncertainty interval;95% uncertainty;UNCERTAINTY_INTERVAL_UI95;;;;;;;;;;4203;;;16;;100;42 [16-100];;;EN;26-04-2023 0:00
SRH_ABORTION_RATE;Abortion rate (model-estimated);numeric;AFR;Africa;Country;LBR;Liberia;Year;2015-2019;VERDADERO;Uncertainty interval;80% uncertainty;UNCERTAINTY_INTERVAL_UI80;;;;;;;;;;4231;;;21;;76;42 [21-76];;;EN;26-04-2023 0:00
SRH_ABORTION_RATE;Abortion rate (model-estimated);numeric;AMR;Americas;Country;PER;Peru;Year;2015-2019;VERDADERO;Uncertainty interval;95% uncertainty;UNCERTAINTY_INTERVAL_UI95;;;;;;;;;;4245;;;23;;71;42 [23-71];;;EN;26-04-2023 0:00
SRH_ABORTION_RATE;Abortion rate (model-estimated);numeric;SEAR;South-East Asia;Country;MDV;Maldives;Year;2015-2019;VERDADERO;Uncertainty interval;80% uncertainty;UNCERTAINTY_INTERVAL_UI80;;;;;;;;;;4203;;;23;;74;42 [23-74];;;EN;26-04-2023 0:00
SRH_ABORTION_RATE;Abortion rate (model-estimated);numeric;AMR;Americas;Country;PER;Peru;Year;2015-2019;VERDADERO;Uncertainty interval;80% uncertainty;UNCERTAINTY_INTERVAL_UI80;;;;;;;;;;4245;;;29;;60;42 [29-60];;;EN;26-04-2023 0:00
SRH_ABORTION_RATE;Abortion rate (model-estimated);numeric;WPR;Western Pacific;Country;WSM;Samoa;Year;2015-2019;VERDADERO;Uncertainty interval;95% uncertainty;UNCERTAINTY_INTERVAL_UI95;;;;;;;;;;4283;;;12;;103;43 [12-103];;;EN;26-04-2023 0:00
SRH_ABORTION_RATE;Abortion rate (model-estimated);numeric;WPR;Western Pacific;Country;WSM;Samoa;Year;2015-2019;VERDADERO;Uncertainty interval;80% uncertainty;UNCERTAINTY_INTERVAL_UI80;;;;;;;;;;4283;;;21;;73;43 [21-73];;;EN;26-04-2023 0:00
SRH_ABORTION_RATE;Abortion rate (model-estimated);numeric;EUR;Europe;Country;ARM;Armenia;Year;2015-2019;VERDADERO;Uncertainty interval;95% uncertainty;UNCERTAINTY_INTERVAL_UI95;;;;;;;;;;4276;;;26;;73;43 [26-73];;;EN;26-04-2023 0:00
SRH_ABORTION_RATE;Abortion rate (model-estimated);numeric;AFR;Africa;Country;UGA;Uganda;Year;2015-2019;VERDADERO;Uncertainty interval;95% uncertainty;UNCERTAINTY_INTERVAL_UI95;;;;;;;;;;4302;;;29;;60;43 [29-60];;;EN;26-04-2023 0:00
SRH_ABORTION_RATE;Abortion rate (model-estimated);numeric;AFR;Africa;Country;KEN;Kenya;Year;2015-2019;VERDADERO;Uncertainty interval;95% uncertainty;UNCERTAINTY_INTERVAL_UI95;;;;;;;;;;4273;;;29;;61;43 [29-61];;;EN;26-04-2023 0:00
SRH_ABORTION_RATE;Abortion rate (model-estimated);numeric;EMR;Eastern Mediterranean;Country;PAK;Pakistan;Year;2015-2019;VERDADERO;Uncertainty interval;95% uncertainty;UNCERTAINTY_INTERVAL_UI95;;;;;;;;;;4309;;;30;;62;43 [30-62];;;EN;26-04-2023 0:00
SRH_ABORTION_RATE;Abortion rate (model-estimated);numeric;EUR;Europe;Country;ARM;Armenia;Year;2015-2019;VERDADERO;Uncertainty interval;80% uncertainty;UNCERTAINTY_INTERVAL_UI80;;;;;;;;;;4276;;;31;;60;43 [31-60];;;EN;26-04-2023 0:00
SRH_ABORTION_RATE;Abortion rate (model-estimated);numeric;AFR;Africa;Country;KEN;Kenya;Year;2015-2019;VERDADERO;Uncertainty interval;80% uncertainty;UNCERTAINTY_INTERVAL_UI80;;;;;;;;;;4273;;;34;;54;43 [34-54];;;EN;26-04-2023 0:00
SRH_ABORTION_RATE;Abortion rate (model-estimated);numeric;EMR;Eastern Mediterranean;Country;PAK;Pakistan;Year;2015-2019;VERDADERO;Uncertainty interval;80% uncertainty;UNCERTAINTY_INTERVAL_UI80;;;;;;;;;;4309;;;34;;54;43 [34-54];;;EN;26-04-2023 0:00
SRH_ABORTION_RATE;Abortion rate (model-estimated);numeric;AFR;Africa;Country;UGA;Uganda;Year;2015-2019;VERDADERO;Uncertainty interval;80% uncertainty;UNCERTAINTY_INTERVAL_UI80;;;;;;;;;;4302;;;34;;54;43 [34-54];;;EN;26-04-2023 0:00
SRH_ABORTION_RATE;Abortion rate (model-estimated);numeric;AFR;Africa;Country;COG;Congo;Year;2015-2019;VERDADERO;Uncertainty interval;95% uncertainty;UNCERTAINTY_INTERVAL_UI95;;;;;;;;;;4437;;;23;;106;44 [23-106];;;EN;26-04-2023 0:00
SRH_ABORTION_RATE;Abortion rate (model-estimated);numeric;AFR;Africa;Country;COG;Congo;Year;2015-2019;VERDADERO;Uncertainty interval;80% uncertainty;UNCERTAINTY_INTERVAL_UI80;;;;;;;;;;4437;;;29;;77;44 [29-77];;;EN;26-04-2023 0:00
SRH_ABORTION_RATE;Abortion rate (model-estimated);numeric;AFR;Africa;Country;SLE;Sierra Leone;Year;2015-2019;VERDADERO;Uncertainty interval;95% uncertainty;UNCERTAINTY_INTERVAL_UI95;;;;;;;;;;4538;;;17;;102;45 [17-102];;;EN;26-04-2023 0:00
SRH_ABORTION_RATE;Abortion rate (model-estimated);numeric;AMR;Americas;Country;BRB;Barbados;Year;2015-2019;VERDADERO;Uncertainty interval;95% uncertainty;UNCERTAINTY_INTERVAL_UI95;;;;;;;;;;4457;;;18;;90;45 [18-90];;;EN;26-04-2023 0:00
SRH_ABORTION_RATE;Abortion rate (model-estimated);numeric;AFR;Africa;Country;SLE;Sierra Leone;Year;2015-2019;VERDADERO;Uncertainty interval;80% uncertainty;UNCERTAINTY_INTERVAL_UI80;;;;;;;;;;4538;;;24;;77;45 [24-77];;;EN;26-04-2023 0:00
SRH_ABORTION_RATE;Abortion rate (model-estimated);numeric;WPR;Western Pacific;Country;KHM;Cambodia;Year;2015-2019;VERDADERO;Uncertainty interval;95% uncertainty;UNCERTAINTY_INTERVAL_UI95;;;;;;;;;;45;;;25;;92;45 [25-92];;;EN;26-04-2023 0:00
SRH_ABORTION_RATE;Abortion rate (model-estimated);numeric;AMR;Americas;Country;BRB;Barbados;Year;2015-2019;VERDADERO;Uncertainty interval;80% uncertainty;UNCERTAINTY_INTERVAL_UI80;;;;;;;;;;4457;;;26;;71;45 [26-71];;;EN;26-04-2023 0:00
SRH_ABORTION_RATE;Abortion rate (model-estimated);numeric;WPR;Western Pacific;Country;KHM;Cambodia;Year;2015-2019;VERDADERO;Uncertainty interval;80% uncertainty;UNCERTAINTY_INTERVAL_UI80;;;;;;;;;;45;;;30;;71;45 [30-71];;;EN;26-04-2023 0:00
SRH_ABORTION_RATE;Abortion rate (model-estimated);numeric;EUR;Europe;Country;RUS;Russian Federation;Year;2015-2019;VERDADERO;Uncertainty interval;95% uncertainty;UNCERTAINTY_INTERVAL_UI95;;;;;;;;;;457;;;30;;77;46 [30-77];;;EN;26-04-2023 0:00
SRH_ABORTION_RATE;Abortion rate (model-estimated);numeric;EUR;Europe;Country;RUS;Russian Federation;Year;2015-2019;VERDADERO;Uncertainty interval;80% uncertainty;UNCERTAINTY_INTERVAL_UI80;;;;;;;;;;457;;;34;;64;46 [34-64];;;EN;26-04-2023 0:00
SRH_ABORTION_RATE;Abortion rate (model-estimated);numeric;EUR;Europe;Country;KAZ;Kazakhstan;Year;2015-2019;VERDADERO;Uncertainty interval;95% uncertainty;UNCERTAINTY_INTERVAL_UI95;;;;;;;;;;4699;;;26;;86;47 [26-86];;;EN;26-04-2023 0:00
SRH_ABORTION_RATE;Abortion rate (model-estimated);numeric;EUR;Europe;Country;KAZ;Kazakhstan;Year;2015-2019;VERDADERO;Uncertainty interval;80% uncertainty;UNCERTAINTY_INTERVAL_UI80;;;;;;;;;;4699;;;32;;70;47 [32-70];;;EN;26-04-2023 0:00
SRH_ABORTION_RATE;Abortion rate (model-estimated);numeric;AMR;Americas;Country;TTO;Trinidad and Tobago;Year;2015-2019;VERDADERO;Uncertainty interval;95% uncertainty;UNCERTAINTY_INTERVAL_UI95;;;;;;;;;;483;;;20;;94;48 [20-94];;;EN;26-04-2023 0:00
SRH_ABORTION_RATE;Abortion rate (model-estimated);numeric;AMR;Americas;Country;TTO;Trinidad and Tobago;Year;2015-2019;VERDADERO;Uncertainty interval;80% uncertainty;UNCERTAINTY_INTERVAL_UI80;;;;;;;;;;483;;;29;;75;48 [29-75];;;EN;26-04-2023 0:00
SRH_ABORTION_RATE;Abortion rate (model-estimated);numeric;SEAR;South-East Asia;Country;IND;India;Year;2015-2019;VERDADERO;Uncertainty interval;95% uncertainty;UNCERTAINTY_INTERVAL_UI95;;;;;;;;;;4798;;;41;;58;48 [41-58];;;EN;26-04-2023 0:00
SRH_ABORTION_RATE;Abortion rate (model-estimated);numeric;SEAR;South-East Asia;Country;IND;India;Year;2015-2019;VERDADERO;Uncertainty interval;80% uncertainty;UNCERTAINTY_INTERVAL_UI80;;;;;;;;;;4798;;;44;;54;48 [44-54];;;EN;26-04-2023 0:00
SRH_ABORTION_RATE;Abortion rate (model-estimated);numeric;AFR;Africa;Country;CPV;Cabo Verde;Year;2015-2019;VERDADERO;Uncertainty interval;95% uncertainty;UNCERTAINTY_INTERVAL_UI95;;;;;;;;;;4908;;;12;;123;49 [12-123];;;EN;26-04-2023 0:00
SRH_ABORTION_RATE;Abortion rate (model-estimated);numeric;AFR;Africa;Country;CPV;Cabo Verde;Year;2015-2019;VERDADERO;Uncertainty interval;80% uncertainty;UNCERTAINTY_INTERVAL_UI80;;;;;;;;;;4908;;;23;;93;49 [23-93];;;EN;26-04-2023 0:00
SRH_ABORTION_RATE;Abortion rate (model-estimated);numeric;WPR;Western Pacific;Country;CHN;China;Year;2015-2019;VERDADERO;Uncertainty interval;95% uncertainty;UNCERTAINTY_INTERVAL_UI95;;;;;;;;;;49;;;33;;79;49 [33-79];;;EN;26-04-2023 0:00
SRH_ABORTION_RATE;Abortion rate (model-estimated);numeric;WPR;Western Pacific;Country;CHN;China;Year;2015-2019;VERDADERO;Uncertainty interval;80% uncertainty;UNCERTAINTY_INTERVAL_UI80;;;;;;;;;;49;;;37;;68;49 [37-68];;;EN;26-04-2023 0:00
SRH_ABORTION_RATE;Abortion rate (model-estimated);numeric;EUR;Europe;Country;CHE;Switzerland;Year;2015-2019;VERDADERO;Uncertainty interval;80% uncertainty;UNCERTAINTY_INTERVAL_UI80;;;;;;;;;;518;;;5;;5;5 [5-5];;;EN;26-04-2023 0:00
SRH_ABORTION_RATE;Abortion rate (model-estimated);numeric;EUR;Europe;Country;CHE;Switzerland;Year;2015-2019;VERDADERO;Uncertainty interval;95% uncertainty;UNCERTAINTY_INTERVAL_UI95;;;;;;;;;;518;;;5;;5;5 [5-5];;;EN;26-04-2023 0:00
SRH_ABORTION_RATE;Abortion rate (model-estimated);numeric;WPR;Western Pacific;Country;SGP;Singapore;Year;2015-2019;VERDADERO;Uncertainty interval;80% uncertainty;UNCERTAINTY_INTERVAL_UI80;;;;;;;;;;5;;;5;;6;5 [5-6];;;EN;26-04-2023 0:00
SRH_ABORTION_RATE;Abortion rate (model-estimated);numeric;WPR;Western Pacific;Country;SGP;Singapore;Year;2015-2019;VERDADERO;Uncertainty interval;95% uncertainty;UNCERTAINTY_INTERVAL_UI95;;;;;;;;;;5;;;5;;6;5 [5-6];;;EN;26-04-2023 0:00
SRH_ABORTION_RATE;Abortion rate (model-estimated);numeric;AMR;Americas;Country;CUB;Cuba;Year;2015-2019;VERDADERO;Uncertainty interval;95% uncertainty;UNCERTAINTY_INTERVAL_UI95;;;;;;;;;;5512;;;41;;73;55 [41-73];;;EN;26-04-2023 0:00
SRH_ABORTION_RATE;Abortion rate (model-estimated);numeric;AMR;Americas;Country;CUB;Cuba;Year;2015-2019;VERDADERO;Uncertainty interval;80% uncertainty;UNCERTAINTY_INTERVAL_UI80;;;;;;;;;;5512;;;45;;66;55 [45-66];;;EN;26-04-2023 0:00
SRH_ABORTION_RATE;Abortion rate (model-estimated);numeric;AFR;Africa;Country;GNB;Guinea-Bissau;Year;2015-2019;VERDADERO;Uncertainty interval;95% uncertainty;UNCERTAINTY_INTERVAL_UI95;;;;;;;;;;5851;;;19;;136;59 [19-136];;;EN;26-04-2023 0:00
SRH_ABORTION_RATE;Abortion rate (model-estimated);numeric;AFR;Africa;Country;GNB;Guinea-Bissau;Year;2015-2019;VERDADERO;Uncertainty interval;80% uncertainty;UNCERTAINTY_INTERVAL_UI80;;;;;;;;;;5851;;;29;;104;59 [29-104];;;EN;26-04-2023 0:00
SRH_ABORTION_RATE;Abortion rate (model-estimated);numeric;EUR;Europe;Country;MNE;Montenegro;Year;2015-2019;VERDADERO;Uncertainty interval;80% uncertainty;UNCERTAINTY_INTERVAL_UI80;;;;;;;;;;589;;;5;;6;6 [5-6];;;EN;26-04-2023 0:00
SRH_ABORTION_RATE;Abortion rate (model-estimated);numeric;EUR;Europe;Country;MNE;Montenegro;Year;2015-2019;VERDADERO;Uncertainty interval;95% uncertainty;UNCERTAINTY_INTERVAL_UI95;;;;;;;;;;589;;;5;;7;6 [5-7];;;EN;26-04-2023 0:00
SRH_ABORTION_RATE;Abortion rate (model-estimated);numeric;EUR;Europe;Country;DEU;Germany;Year;2015-2019;VERDADERO;Uncertainty interval;80% uncertainty;UNCERTAINTY_INTERVAL_UI80;;;;;;;;;;577;;;6;;6;6 [6-6];;;EN;26-04-2023 0:00
SRH_ABORTION_RATE;Abortion rate (model-estimated);numeric;EUR;Europe;Country;DEU;Germany;Year;2015-2019;VERDADERO;Uncertainty interval;95% uncertainty;UNCERTAINTY_INTERVAL_UI95;;;;;;;;;;577;;;6;;6;6 [6-6];;;EN;26-04-2023 0:00
SRH_ABORTION_RATE;Abortion rate (model-estimated);numeric;WPR;Western Pacific;Country;JPN;Japan;Year;2015-2019;VERDADERO;Uncertainty interval;80% uncertainty;UNCERTAINTY_INTERVAL_UI80;;;;;;;;;;6;;;6;;7;6 [6-7];;;EN;26-04-2023 0:00
SRH_ABORTION_RATE;Abortion rate (model-estimated);numeric;WPR;Western Pacific;Country;JPN;Japan;Year;2015-2019;VERDADERO;Uncertainty interval;95% uncertainty;UNCERTAINTY_INTERVAL_UI95;;;;;;;;;;6;;;6;;7;6 [6-7];;;EN;26-04-2023 0:00
SRH_ABORTION_RATE;Abortion rate (model-estimated);numeric;AFR;Africa;Country;MDG;Madagascar;Year;2015-2019;VERDADERO;Uncertainty interval;95% uncertainty;UNCERTAINTY_INTERVAL_UI95;;;;;;;;;;5989;;;19;;107;60 [19-107];;;EN;26-04-2023 0:00
SRH_ABORTION_RATE;Abortion rate (model-estimated);numeric;AFR;Africa;Country;MDG;Madagascar;Year;2015-2019;VERDADERO;Uncertainty interval;80% uncertainty;UNCERTAINTY_INTERVAL_UI80;;;;;;;;;;5989;;;30;;91;60 [30-91];;;EN;26-04-2023 0:00
SRH_ABORTION_RATE;Abortion rate (model-estimated);numeric;WPR;Western Pacific;Country;VNM;Viet Nam;Year;2015-2019;VERDADERO;Uncertainty interval;95% uncertainty;UNCERTAINTY_INTERVAL_UI95;;;;;;;;;;64;;;32;;114;64 [32-114];;;EN;26-04-2023 0:00
SRH_ABORTION_RATE;Abortion rate (model-estimated);numeric;WPR;Western Pacific;Country;VNM;Viet Nam;Year;2015-2019;VERDADERO;Uncertainty interval;80% uncertainty;UNCERTAINTY_INTERVAL_UI80;;;;;;;;;;64;;;41;;93;64 [41-93];;;EN;26-04-2023 0:00
SRH_ABORTION_RATE;Abortion rate (model-estimated);numeric;EUR;Europe;Country;CZE;Czechia;Year;2015-2019;VERDADERO;Uncertainty interval;80% uncertainty;UNCERTAINTY_INTERVAL_UI80;;;;;;;;;;686;;;6;;7;7 [6-7];;;EN;26-04-2023 0:00
SRH_ABORTION_RATE;Abortion rate (model-estimated);numeric;EUR;Europe;Country;PRT;Portugal;Year;2015-2019;VERDADERO;Uncertainty interval;95% uncertainty;UNCERTAINTY_INTERVAL_UI95;;;;;;;;;;677;;;6;;7;7 [6-7];;;EN;26-04-2023 0:00
SRH_ABORTION_RATE;Abortion rate (model-estimated);numeric;EUR;Europe;Country;CZE;Czechia;Year;2015-2019;VERDADERO;Uncertainty interval;95% uncertainty;UNCERTAINTY_INTERVAL_UI95;;;;;;;;;;686;;;6;;8;7 [6-8];;;EN;26-04-2023 0:00
SRH_ABORTION_RATE;Abortion rate (model-estimated);numeric;EUR;Europe;Country;LTU;Lithuania;Year;2015-2019;VERDADERO;Uncertainty interval;95% uncertainty;UNCERTAINTY_INTERVAL_UI95;;;;;;;;;;715;;;6;;8;7 [6-8];;;EN;26-04-2023 0:00
SRH_ABORTION_RATE;Abortion rate (model-estimated);numeric;EUR;Europe;Country;SVK;Slovakia;Year;2015-2019;VERDADERO;Uncertainty interval;95% uncertainty;UNCERTAINTY_INTERVAL_UI95;;;;;;;;;;715;;;6;;8;7 [6-8];;;EN;26-04-2023 0:00
SRH_ABORTION_RATE;Abortion rate (model-estimated);numeric;EUR;Europe;Country;NLD;Netherlands (Kingdom of the);Year;2015-2019;VERDADERO;Uncertainty interval;80% uncertainty;UNCERTAINTY_INTERVAL_UI80;;;;;;;;;;715;;;7;;7;7 [7-7];;;EN;26-04-2023 0:00
SRH_ABORTION_RATE;Abortion rate (model-estimated);numeric;EUR;Europe;Country;NLD;Netherlands (Kingdom of the);Year;2015-2019;VERDADERO;Uncertainty interval;95% uncertainty;UNCERTAINTY_INTERVAL_UI95;;;;;;;;;;715;;;7;;7;7 [7-7];;;EN;26-04-2023 0:00
SRH_ABORTION_RATE;Abortion rate (model-estimated);numeric;EUR;Europe;Country;PRT;Portugal;Year;2015-2019;VERDADERO;Uncertainty interval;80% uncertainty;UNCERTAINTY_INTERVAL_UI80;;;;;;;;;;677;;;7;;7;7 [7-7];;;EN;26-04-2023 0:00
SRH_ABORTION_RATE;Abortion rate (model-estimated);numeric;EUR;Europe;Country;LTU;Lithuania;Year;2015-2019;VERDADERO;Uncertainty interval;80% uncertainty;UNCERTAINTY_INTERVAL_UI80;;;;;;;;;;715;;;7;;8;7 [7-8];;;EN;26-04-2023 0:00
SRH_ABORTION_RATE;Abortion rate (model-estimated);numeric;EUR;Europe;Country;SVK;Slovakia;Year;2015-2019;VERDADERO;Uncertainty interval;80% uncertainty;UNCERTAINTY_INTERVAL_UI80;;;;;;;;;;715;;;7;;8;7 [7-8];;;EN;26-04-2023 0:00
SRH_ABORTION_RATE;Abortion rate (model-estimated);numeric;EUR;Europe;Country;AZE;Azerbaijan;Year;2015-2019;VERDADERO;Uncertainty interval;95% uncertainty;UNCERTAINTY_INTERVAL_UI95;;;;;;;;;;7192;;;40;;121;72 [40-121];;;EN;26-04-2023 0:00
SRH_ABORTION_RATE;Abortion rate (model-estimated);numeric;EUR;Europe;Country;AZE;Azerbaijan;Year;2015-2019;VERDADERO;Uncertainty interval;80% uncertainty;UNCERTAINTY_INTERVAL_UI80;;;;;;;;;;7192;;;49;;102;72 [49-102];;;EN;26-04-2023 0:00
SRH_ABORTION_RATE;Abortion rate (model-estimated);numeric;EUR;Europe;Country;BEL;Belgium;Year;2015-2019;VERDADERO;Uncertainty interval;95% uncertainty;UNCERTAINTY_INTERVAL_UI95;;;;;;;;;;778;;;6;;9;8 [6-9];;;EN;26-04-2023 0:00
SRH_ABORTION_RATE;Abortion rate (model-estimated);numeric;EUR;Europe;Country;BEL;Belgium;Year;2015-2019;VERDADERO;Uncertainty interval;80% uncertainty;UNCERTAINTY_INTERVAL_UI80;;;;;;;;;;778;;;7;;9;8 [7-9];;;EN;26-04-2023 0:00
SRH_ABORTION_RATE;Abortion rate (model-estimated);numeric;EUR;Europe;Country;SVN;Slovenia;Year;2015-2019;VERDADERO;Uncertainty interval;95% uncertainty;UNCERTAINTY_INTERVAL_UI95;;;;;;;;;;813;;;7;;9;8 [7-9];;;EN;26-04-2023 0:00
SRH_ABORTION_RATE;Abortion rate (model-estimated);numeric;EUR;Europe;Country;FIN;Finland;Year;2015-2019;VERDADERO;Uncertainty interval;80% uncertainty;UNCERTAINTY_INTERVAL_UI80;;;;;;;;;;809;;;8;;8;8 [8-8];;;EN;26-04-2023 0:00
SRH_ABORTION_RATE;Abortion rate (model-estimated);numeric;EUR;Europe;Country;FIN;Finland;Year;2015-2019;VERDADERO;Uncertainty interval;95% uncertainty;UNCERTAINTY_INTERVAL_UI95;;;;;;;;;;809;;;8;;8;8 [8-8];;;EN;26-04-2023 0:00
SRH_ABORTION_RATE;Abortion rate (model-estimated);numeric;EUR;Europe;Country;SVN;Slovenia;Year;2015-2019;VERDADERO;Uncertainty interval;80% uncertainty;UNCERTAINTY_INTERVAL_UI80;;;;;;;;;;813;;;8;;9;8 [8-9];;;EN;26-04-2023 0:00
SRH_ABORTION_RATE;Abortion rate (model-estimated);numeric;EUR;Europe;Country;GEO;Georgia;Year;2015-2019;VERDADERO;Uncertainty interval;95% uncertainty;UNCERTAINTY_INTERVAL_UI95;;;;;;;;;;803;;;46;;133;80 [46-133];;;EN;26-04-2023 0:00
SRH_ABORTION_RATE;Abortion rate (model-estimated);numeric;EUR;Europe;Country;GEO;Georgia;Year;2015-2019;VERDADERO;Uncertainty interval;80% uncertainty;UNCERTAINTY_INTERVAL_UI80;;;;;;;;;;803;;;55;;113;80 [55-113];;;EN;26-04-2023 0:00
SRH_ABORTION_RATE;Abortion rate (model-estimated);numeric;EUR;Europe;Country;ALB;Albania;Year;2015-2019;VERDADERO;Uncertainty interval;95% uncertainty;UNCERTAINTY_INTERVAL_UI95;;;;;;;;;;945;;;5;;18;9 [5-18];;;EN;26-04-2023 0:00
SRH_ABORTION_RATE;Abortion rate (model-estimated);numeric;EUR;Europe;Country;ALB;Albania;Year;2015-2019;VERDADERO;Uncertainty interval;80% uncertainty;UNCERTAINTY_INTERVAL_UI80;;;;;;;;;;945;;;6;;14;9 [6-14];;;EN;26-04-2023 0:00
SRH_ABORTION_RATE;Abortion rate (model-estimated);numeric;EUR;Europe;Country;ESP;Spain;Year;2015-2019;VERDADERO;Uncertainty interval;80% uncertainty;UNCERTAINTY_INTERVAL_UI80;;;;;;;;;;873;;;8;;9;9 [8-9];;;EN;26-04-2023 0:00
SRH_ABORTION_RATE;Abortion rate (model-estimated);numeric;EUR;Europe;Country;ESP;Spain;Year;2015-2019;VERDADERO;Uncertainty interval;95% uncertainty;UNCERTAINTY_INTERVAL_UI95;;;;;;;;;;873;;;8;;9;9 [8-9];;;EN;26-04-2023 0:00
